Island_Name,ZoneName,Cluster_DepthBin_ID,Depth_ft_mn,Longitude_DD_mn,Latitude_DD_mn,CoralBleached_Perc_mn,SiteSuscp_mn,DHW.MeanMax.YR01_mn,DHW.MeanMax.YR10YR01_mn,SST_Variability_AllB4_mn,PAR_surface_mn,kdPAR_mn,TotalEffluent_mn,WaveAction_value_mn,AgGolf_runoff_mn,Urban_runoff_mn,TourRec_10yrAvgPUD_mn,PctBleached_hist_mn,Obs_Year,Weights_DriversAndSpatialAnalysis,Weights_TemporalAnalysis
Hawaii,Hawaii_NW,1 Mid,36,-155.95153,19.501275,46.5,2.833333333,5.565000038,11.90666676,2.66594338,44.03557826,0.125599995,1252.921343,6126.400269,0.408965666,0.294574107,6.449999809,53.47187889,2019,1,1
Oahu,Oahu_E,10 Shallow,6.5,-157.7983633,21.4407,23.66666667,2.616666667,0.289999992,2.639999986,2.496415084,NA,NA,1643.106846,NA,0.081035084,0.184395952,24.5,42.05739972,2019,0.118044617,0.072903764
Kauai,Kauai_S,100 Shallow,15.5,-159.4727639,21.87820602,1.366666667,NA,2.200000048,3.476666749,2.730566025,45.12350082,0.076866664,21546.83721,6433.6,0.265306276,0.120005076,151.8151277,NA,2019,0.095610196,
Oahu,Oahu_W,102 Shallow,13.6,-158.12565,21.335406,37,NA,0,2.209999919,2.56094346,46.38333384,0.057923332,1489.253507,41993,0.068763088,0.195140483,224,NA,2019,0.02327796,
Kauai,Kauai_S,103 Shallow,10,-159.4881419,21.88493,4.6,NA,2.200000048,3.476666749,2.730566025,45.12350082,0.081536539,6815.150458,6442,0.277434263,0.122284071,94.45148681,NA,2019,0.123537496,
Oahu,Oahu_W,104 Shallow,8.6,-158.2105,21.4605015,12.3,NA,0,1.859999999,2.525660317,43.93175125,0.066112655,14710.87041,41429.075,0.101833931,0.069410611,28.62970352,NA,2019,0.041047327,
Lanai,Lanai_S,105 Shallow,16,-156.867163,20.749795,17,2.444444444,6.739999771,7.329999924,2.686981165,48.97933324,0.062105883,0,6424,0.019769967,0.014497205,12.59999943,38.63809524,2019,0.033604988,
Lanai,Lanai_NE,106 Mid,31.5,-156.814085,20.84437,10,2.985983103,9.039999962,7.820000172,2.663962238,47.57037544,0.062314076,0,6779.875,0.010133816,0.007453362,0.800000012,23.619375,2019,0.231494791,0.142970024
Lanai,Lanai_S,107 Mid,44,-156.9132492,20.735723,10,2.21875,4.96999979,7.449999809,2.700377338,49.16801072,0.062105883,0,6442,0.047293152,0.030134295,6.593856064,38.63809524,2019,0.231494791,0.142970024
Lanai,Lanai_NE,108 Mid,38,-156.82037,20.85438,9,2.571428571,9.25,8.06000042,2.657358529,47.57037544,0.062661136,0,8194,0.008844109,0.00650479,0.800000012,23.619375,2019,0.033604988,0.028187795
Lanai,Lanai_NE,109 Mid,46,-156.82787,20.8636,12,3.08045977,9.25,8.06000042,2.657358529,46.77112579,0.062661136,0,8960.5,0.008676891,0.006381802,0.600000024,23.619375,2019,0.033604988,0.028187795
Oahu,Oahu_E,11 Shallow,5.4,-157.796809,21.45050905,9.80952381,2.785,0.289999992,2.455714192,2.496415053,NA,0.232024997,484.3098322,NA,0.021739848,0.049522597,19.24285784,42.05739972,2019,0.054904772,0.033908912
Lanai,Lanai_NE,111 Mid,21,-156.80292,20.82137,40,3.770491803,9.039999962,7.820000172,2.663962238,48.30825043,0.051094119,0,9672.25,0.010754438,0.008265512,1.399999976,23.619375,2019,0.033604988,0.028187795
Lanai,Lanai_S,112 Mid,32,-156.8504,20.75613,9,2.113207547,7.460000038,7.53000021,2.673056628,48.8736248,0.058914706,0,6424,0,0.003175851,3.299999952,38.63809524,2019,0.033604988,0.028187795
Lanai,Lanai_S,112 Shallow,15,-156.84248,20.756445,23,2.476190476,8.539999962,7.440000057,2.665849038,48.77925014,0.055352941,0,6424,0,0.003164701,2.600000143,38.63809524,2019,0.033604988,
Lanai,Lanai_S,113 Shallow,15,-156.924733,20.735083,29,2.588235294,4.96999979,7.449999809,2.700377338,49.23158391,0.061772549,0,6442,0.048793888,0.031090536,3.799999952,38.63809524,2019,0.033604988,
Oahu,Oahu_E,114 Shallow,7.5,-157.713,21.390874,28.46666667,NA,0.879999995,2.945000052,2.517169772,46.30009334,0.076258822,318.0016868,NA,0.104572871,0.420191251,193.6000061,42.05739972,2019,0.030022777,0.018541917
Hawaii,Hawaii_E,115 Mid,37.3,-155.0174893,19.73540857,0.518796993,2.050816881,0,6.039999962,2.482897612,NA,NA,2111.775299,50840.04115,0.157774921,0.62674216,21.49999919,NA,2019,0.145701884,
Hawaii,Hawaii_E,115 Shallow,15,-155.01773,19.734585,0,2.070857283,0,6.039999962,2.4812579,NA,NA,2125.131473,50498.25195,0.159181265,0.631444542,21.58333238,NA,2019,1,
Lanai,Lanai_S,116 Mid,21.6,-156.9586389,20.73217213,10.375,2.919556286,4.460000038,3.900000051,2.72396228,49.23323512,0.060188234,0,6442,0.048458938,0.030877112,4.300000191,38.63809524,2019,0.080439168,0.049678828
Lanai,Lanai_S,116 Shallow,16,-156.9569964,20.73288325,16.66666667,3.309320473,4.460000038,3.900000051,2.72396228,49.23764445,0.060188234,0,6442,0.048568431,0.030946878,4.1956301,38.63809524,2019,0.064895973,
Oahu,Oahu_W,117 Shallow,11.6,-158.1902857,21.43969476,5.571428571,NA,0,1.825000014,2.560754668,43.66993904,0.104625002,10867.8028,19854.2619,0.02397323,0.149924367,23.26103102,NA,2019,0.072872513,
Hawaii,Hawaii_NW,118 Mid,37.5,-155.90293,20.183635,0,2.053480475,3.627499968,9.209999657,2.651792455,40.47325134,0.052598336,339.5305786,1769.900024,0.001777541,0.024578689,12.90000057,53.47187889,2019,1,1
Hawaii,Hawaii_NW,118 Shallow,15.3,-155.90193,20.18121333,1.666666667,2,4.156666627,10.21666628,2.651635236,40.63768175,0.052598336,316.1154648,1216.566683,0.001674481,0.024535737,12.56666724,53.47187889,2019,0.169465949,0.104661321
Maui,Maui_W,119 Mid,42.5,-156.556455,20.78535,22,2.386446886,4.917999903,3.15066667,2.633207357,43.78912544,0.064183332,20.69807164,0,0.062112006,0.014594717,18.95973968,53.34615741,2019,0.591072777,0.365043587
Oahu,Oahu_E,12 Shallow,6.5,-157.7920845,21.43276182,10.27272727,2.600909091,0.289999992,2.639999986,2.496415084,NA,NA,3213.099673,NA,0.159152089,0.362151782,92.15176027,42.05739972,2019,0.076077473,0.046985066
Maui,Maui_W,120 Mid,57,-156.46338,20.72856,23,2.827160494,3.380000114,2.904999912,2.661886863,46.28495789,0.060241666,1392.977971,0,0.062510662,0.064021496,74.80000305,53.34615741,2019,0.033604988,0.028187795
Maui,Maui_W,121 Mid,44,-156.44735,20.669965,14.5,2.181818182,4.510000229,2.990000069,2.659245281,47.94812393,0.056916667,4861.699914,0,0.292223257,0.17363985,136.3000031,53.34615741,2019,0.216023539,0.133415056
Maui,Maui_W,121 Shallow,10,-156.4440985,20.667952,14.5,2.780769231,4.510000229,2.990000069,2.659245281,48.2389679,0.056916667,5527.773692,0,0.314676586,0.18698168,156.8000031,53.34615741,2019,1,1
Maui,Maui_W,122 Mid,43,-156.54602,20.77977,42,2.8,2.619999886,2.710000053,2.601509346,43.78912544,0.062758332,0,0,0.239167363,0.025764316,31.19999886,53.34615741,2019,0.033604988,0.028187795
Maui,Maui_W,122 Shallow,12,-156.54039,20.77685,15,3.111111111,2.619999886,2.710000053,2.602641412,43.78912544,0.062758332,0,0,0.326484777,0.031321627,31.19999886,53.34615741,2019,0.033604988,0.028187795
Maui,Maui_W,123 Mid,37.7,-156.6003767,20.80122,53.66666667,3.210959498,6.802825372,3.456980166,2.659371054,48.00287628,NA,431.1081972,0,0.00195877,0.015918279,18.7156211,53.34615741,2019,0.512644317,0.316606563
Maui,Maui_W,124 Mid,27.5,-156.614125,20.803005,60,2.823529412,8.693333626,3.76333337,2.656188655,47.84578228,NA,2843.40496,0,0.007303537,0.037501748,24.85000038,53.34615741,2019,0.144648235,0.089334026
Maui,Maui_W,124 Shallow,14.3,-156.6132847,20.805879,16,2.387330447,8.426666789,3.76333337,2.654503125,47.79341761,NA,3455.963096,0,0.009278223,0.047753446,33.70000076,53.34615741,2019,0.340225442,0.210121529
Maui,Maui_W,125 Shallow,12,-156.60628,20.80537,28,2.802717391,7.943333308,3.76333337,2.65186791,48.00287628,NA,2246.429291,0,0.005770939,0.032830371,26.09022908,53.34615741,2019,0.138344599,0.085440931
Maui,Maui_W,126 Shallow,14,-156.57417,20.79083,20,2.421052632,4.976666737,3.15066667,2.634339423,45.72212601,NA,172.8308988,0,0.000397876,0.010376294,23.20000076,53.34615741,2019,0.033604988,0.028187795
Maui,Maui_WNW,127 Mid,23,-156.63029,20.815445,23.5,2.458431373,8.616666715,3.76333337,2.655735826,47.66350047,0.078104904,1927.49525,0,0.017628965,0.08412561,24.39999962,54.42444444,2019,0.523382269,0.323238268
Maui,Maui_WNW,128 Mid,27.5,-156.656305,20.84075,69,2.27173913,8.359999657,7.099999905,2.676415066,47.63954163,0.078104904,2186.075332,0,0.015554942,0.07421505,25.20217188,54.42444444,2019,0.148101687,0.09146686
Maui,Maui_WNW,128 Shallow,13,-156.6558437,20.84343433,40.66666667,2.83625731,8.510000229,7.099999905,2.677358447,47.59536807,0.078104904,6879.864617,0,0.017686701,0.084386009,28.93051839,54.42444444,2019,0.188764003,
Maui,Maui_WNW,129 Mid,32,-156.64955,20.83307,25,2.103448276,8.539999803,3.76333337,2.655282996,47.68868828,0.078104904,5802.206672,0,0.016570215,0.079059075,22.5,54.42444444,2019,0.033604988,0.028187795
Oahu,Oahu_E,13 Shallow,6.5,-157.786735,21.43478,8.5,2.4,0.289999992,2.639999986,2.496415084,NA,NA,2740.949253,NA,0.09420372,0.21436129,84,42.05739972,2019,0.308572477,0.190572817
Maui,Maui_NW,130 Mid,21,-156.641935,21.013414,70,3.5,9.569999695,3.353333463,2.585282992,46.65228081,0.04724103,5267.710666,31755.80078,0.148017553,0.047405313,148.5,33.63518519,2019,0.033604988,0.028187795
Maui,Maui_NW,130 Shallow,13,-156.639864,21.015309,8,2.666666667,9.569999695,3.353333463,2.585282992,46.65228081,0.04724103,4234.709741,31755.80078,0.147894325,0.047365848,121.8000031,33.63518519,2019,0.033604988,0.028187795
Maui,Maui_NW,131 Shallow,12,-156.6681953,21.00082067,33.33333333,3.497318008,10.18000031,3.586666753,2.589999984,48.67649841,0.048564706,19465.11246,24031.76758,0.096737505,0.089818028,172.5,33.63518519,2019,0.096565355,0.05963828
Maui,Maui_NW,132 Mid,33,-156.68889,20.95767,15,1.875,10.89999962,3.443333437,2.610754625,48.82583237,0.050705883,1358.834329,13241.7002,0.088013934,0.10290804,145.4729184,33.63518519,2019,0.033604988,0.028187795
Maui,Maui_NW,132 Shallow,12,-156.688059,20.955165,29,2.5625,10.89999962,3.443333437,2.608867825,48.63246822,0.050705883,1358.834329,13547.60059,0.106015193,0.113471439,147.1999969,33.63518519,2019,0.033604988,0.028187795
Maui,Maui_NW,133 Shallow,12,-156.69718,20.926843,66,3.44,10.53999996,4.764999837,2.619245277,48.50312424,0.051273529,11849.05063,949.7000122,0.216605933,0.12855076,493.8999939,33.63518519,2019,0.033604988,0.028187795
Maui,Maui_S,134 Shallow,12.6,-156.4397422,20.6195946,4.8,2.770333333,5.514000034,3.700000107,2.632731582,48.56109333,0.053317647,2236.433198,0,0.253722336,0.154991369,50.70092615,7.031746032,2019,0.145374457,
Maui,Maui_NW,135 Mid,34.5,-156.69656,20.91222,27,2.435083435,10.53999996,4.764999837,2.620566026,48.05237579,0.051888236,7417.051659,2579.049957,0.208280259,0.123604527,158.3592288,33.63518519,2019,0.983831791,0.607609587
Maui,Maui_NW,135 Shallow,11.5,-156.69759,20.91679475,25.25,3.114705882,10.53999996,4.764999837,2.620566026,48.34678841,0.051671863,10004.19927,4665.875,0.213197781,0.126522844,408.7999878,33.63518519,2019,0.102514812,0.063312634
Maui,Maui_WNW,136 Mid,28,-156.69136,20.90815,36,2.294871795,10.53999996,4.764999837,2.620566026,48.03224945,0.05129804,16662.65977,949.7000122,0.202937,0.120433559,168.950897,54.42444444,2019,0.033604988,0.028187795
Maui,Maui_WNW,136 Shallow,11.7,-156.6906283,20.909257,35.33333333,2.647373052,10.15666675,4.764999837,2.618805027,48.03224945,0.05129804,17087.1758,949.7000122,0.212832703,0.126306186,159.2000021,54.42444444,2019,0.224989786,
Maui,Maui_WNW,137 Shallow,10,-156.686318,20.898403,28,2.450704225,9.770000458,4.365000159,2.634905761,48.03224945,0.053167648,29398.81697,0,0.212436442,0.126071027,136.3000031,54.42444444,2019,0.033604988,
Maui,Maui_WNW,138 Mid,34,-156.6906233,20.87993667,39.33333333,2.394301994,9.770000458,4.365000159,2.632452911,47.86781216,0.051823529,5176.974441,0,0.141099687,0.101427284,445.6000061,54.42444444,2019,0.300153969,0.185373588
Maui,Maui_WNW,138 Shallow,11,-156.688224,20.885244,30,2.589041096,9.770000458,4.365000159,2.634905761,48.03224945,0.051823529,23169.15407,0,0.176907073,0.118902425,428.4919583,54.42444444,2019,0.033604988,
Maui,Maui_W,139 Shallow,8.8,-156.5028648,20.7944785,18.5,3.298529412,2.459999919,2.643750027,2.59198107,44.13687515,NA,15692.77169,0,0.501590142,0.042111687,78.42500305,53.34615741,2019,0.11677875,0.072121971
Oahu,Oahu_N,14 Shallow,7,-158.155,21.58277467,14.6,NA,0.629999995,2.824999988,2.537924569,44.86849976,0.047150461,17815.6758,97345.5,0.15685735,0.07315106,18.60000038,NA,2019,0.052021948,
Maui,Maui_W,140 Shallow,18,-156.447632,20.70448,27,2.352941176,3.049999952,2.585000023,2.626981159,47.54987335,0.060241666,18310.92432,0,0.316247879,0.187915336,168.8999939,53.34615741,2019,0.033604988,0.028187795
Maui,Maui_NW,141 Mid,36.5,-156.694965,20.94385,18,2.419047619,10.53999996,4.764999837,2.620566026,48.50312424,0.051419608,323.422628,11788.4253,0.155334329,0.116965405,220.6999969,33.63518519,2019,0.113737069,0.070243444
Maui,Maui_NW,141 Shallow,6,-156.69313,20.94454,25,3.352941176,10.53999996,4.764999837,2.620566026,48.50312424,0.051419608,550.7497993,11676.40039,0.15936115,0.121564103,220.6999969,33.63518519,2019,0.033604988,0.028187795
Maui,Maui_WNW,142 Mid,23.5,-156.68653,20.876475,60,2.583047945,9.770000458,4.365000159,2.632452911,47.76192681,0.051823529,7149.999236,0,0.118562945,0.099563597,400.2000122,54.42444444,2019,0.144648235,0.089334026
Maui,Maui_WNW,142 Shallow,10,-156.68646,20.87831,39,2.265822785,9.770000458,4.365000159,2.632452911,47.65604146,0.051823529,11870.3603,0,0.131197144,0.106818112,445.6000061,54.42444444,2019,0.033604988,
Oahu,Oahu_W,143 Shallow,7.4,-158.2248,21.47759,7.7,NA,0,1.859999999,2.525660317,45.54475021,0.050189462,12404.71279,57667.025,0.134477048,0.06758929,32.91655293,NA,2019,0.063079632,
Oahu,Oahu_E,144 Shallow,7.2,-157.6699286,21.319595,7.214285714,NA,2.089999914,3.554999888,2.545471731,46.88887405,0.05458902,3844.796588,38671.5,0.080524434,0.229359416,84.70000458,42.05739972,2019,0.063750722,0.039372127
Kauai,Kauai_N,145 Shallow,5.3,-159.55921,22.2275175,3.375,NA,2.640000105,2.73666665,2.732641508,45.77133306,0.054880208,26690.25725,147679,0.000291697,0.008054182,98.86348676,NA,2019,0.079617462,
Oahu,Oahu_W,146 Shallow,10,-158.1416,21.374391,24.9,NA,0,1.805000067,2.557877361,45.49587631,0.057799999,9578.263097,15275,0.026139931,0.117958656,7.900000095,NA,2019,0.038678189,
Hawaii,Hawaii_SW,147 Mid,30,-155.921695,19.47305,28.34101383,2.040322581,4.032500059,8.542500115,2.66226414,47.27812576,NA,14366.32355,113.9000015,0.07645008,0.065974598,81.83432564,54.64444444,2019,0.043218378,0.026691454
Hawaii,Hawaii_SW,147 Shallow,15,-155.92157,19.47277,13.88888889,2.083333333,4.032500059,8.542500115,2.66226414,47.27812576,NA,16383.74847,113.9000015,0.07645008,0.065974598,81.83432564,54.64444444,2019,0.071898313,
Oahu,Oahu_W,148 Shallow,9.3,-158.232,21.537276,32.8,NA,0.610000014,2.404999942,2.537767308,46.68756294,0.049912501,35.53643552,12289.3,0.00822027,0.015710207,18.19999886,NA,2019,0.041358679,
Oahu,Oahu_E,149 Mid,45,-157.783,21.47971,17,2.727272727,0.289999992,2.424999893,2.495848998,44.21868896,0.232024997,0,118515.5,0.00068848,0.001840758,1.700000048,42.05739972,2019,0.033604988,
Oahu,Oahu_E,15 Shallow,6.5,-157.78252,21.45095,4.5,2.45,0.289999992,2.53249994,2.496415066,42.09012604,0.232024997,0,NA,0.166554065,0.380552552,7.450000286,42.05739972,2019,0.207247736,0.127995164
Oahu,Oahu_S,150 Mid,42,-157.76555,21.26181,1,2,1.779999971,3.269999981,2.55283021,46.88650131,0.056190196,503.8925033,10128.5,0.007681775,0.060879331,43.15768416,20.50245833,2019,0.033604988,0.028187795
Oahu,Oahu_S,151 Mid,40,-157.86533,21.28832,40,2.861111111,0.449999988,2.699999928,2.589245274,45.44679133,0.063935295,3970.925305,6405.5,0.042590786,0.632901329,308.6000061,20.50245833,2019,0.033604988,0.028187795
Oahu,Oahu_E,152 Deep,88,-157.69006,21.40474,62,2.266666667,1.179999948,3.214999914,2.523584834,46.01112366,0.082999997,0,91615,0.000317685,0.001410287,3.599999905,42.05739972,2019,0.033604988,
Oahu,Oahu_E,153 Deep,71,-157.67747,21.36983,40,3.533333333,1.330000043,3.144999921,2.530566054,46.61399841,0.064682875,0,93148,0.000140247,0.000231385,0.23486414,42.05739972,2019,0.033604988,
Oahu,Oahu_E,153 Mid,52,-157.67978,21.36559,42,2.5,1.330000043,3.144999921,2.530566054,46.61399841,0.064682875,0,92454.5,0.000140985,0.000228052,0.792481355,42.05739972,2019,0.033604988,
Oahu,Oahu_E,154 Deep,86,-157.71553,21.42515,35,3.62,0.289999992,2.929999948,2.506981112,46.01112366,0.070735293,0,77234,0.000143854,0.000638604,0.838945527,42.05739972,2019,0.033604988,
Oahu,Oahu_E,155 Deep,88,-157.69749,21.41315,6,3.333333333,1.179999948,3.214999914,2.523584834,46.01112366,0.082999997,0,NA,0.000367187,0.001630037,0.200000003,42.05739972,2019,0.033604988,
Oahu,Oahu_E,155 Mid,51,-157.7014,21.40664,25,3.068965517,0.289999992,2.929999948,2.506981112,46.01112366,0.070382352,0,86906.5,0.000304963,0.00135381,48,42.05739972,2019,0.033604988,
Oahu,Oahu_E,156 Mid,34,-157.72507,21.41927,8,2.25,0.289999992,2.929999948,2.506981112,46.2380619,0.070735293,1686.55206,77234,0.00558905,0.024811227,27.65448838,42.05739972,2019,0.033604988,
Oahu,Oahu_E,157 Mid,29,-157.69485,21.39108,26,3.30952381,1.330000043,3.144999921,2.530566054,46.45271873,0.069518038,38.72554713,91615,0.002660236,0.010520072,21.70000076,42.05739972,2019,0.033604988,
Oahu,Oahu_E,158 Shallow,18,-157.69206,21.37597,74,3.266666667,1.330000043,3.144999921,2.530566054,46.36287435,0.064682875,0.503468908,91615,0.008696715,0.021477592,32.40000153,42.05739972,2019,0.033604988,0.028187795
Oahu,Oahu_E,159 Shallow,14,-157.73706,21.42318,32,2.272251309,0.289999992,2.929999948,2.506981112,46.2380619,0.082999997,19409.83008,54786.5,0.118670437,0.466142936,31.39999962,42.05739972,2019,0.033604988,0.028187795
Oahu,Oahu_E,16 Shallow,7.2,-157.7980089,21.45809474,10.21052632,2.5175,0.266315783,2.428947286,2.496027773,42.09012604,0.232024997,311.5021564,NA,0.005426783,0.012802957,10.09407429,42.05739972,2019,0.047682854,0.029448692
Oahu,Oahu_E,160 Shallow,19,-157.72983,21.41042,52,2.911111111,0.289999992,2.929999948,2.506981112,46.01112366,0.082999997,260.6636297,68492,0.03411497,0.151445116,202.1000061,42.05739972,2019,0.033604988,0.028187795
Oahu,Oahu_E,161 Shallow,9,-157.71352,21.40076,79,3,0.289999992,2.929999948,2.506981112,46.39895884,0.082999997,59.46316789,78420,0.051827158,0.230074064,184.8000031,42.05739972,2019,0.033604988,0.028187795
Oahu,Oahu_E,162 Deep,89,-157.81578,21.52678,4,3.2,0.140000001,2.435000062,2.494528357,43.18681335,0.232024997,554.375883,118625,2.99E-06,0.000169474,5.099999905,42.05739972,2019,0.033604988,
Oahu,Oahu_E,162 Shallow,15,-157.82239,21.52513,28,2.964285714,0.140000001,2.435000062,2.494528357,43.18681335,NA,1896.976016,118625,0.000114367,0.005546271,102.5,42.05739972,2019,0.033604988,0.028187795
Oahu,Oahu_N,163 Deep,75,-157.90891,21.65546,17,3.333333333,1.25999999,3.405000091,2.514905606,46.75637436,0.065433335,3775.314184,118625,0.100665196,0.05661725,121.9000015,NA,2019,0.033604988,
Oahu,Oahu_E,164 Deep,64,-157.79672,21.50354,65,3.886363636,0.289999992,2.419999897,2.49999982,42.09012604,0.232024997,0,118606.5,9.35E-06,8.32E-05,0.328487616,42.05739972,2019,0.033604988,
Oahu,Oahu_E,164 Mid,26,-157.80225,21.50615,17,3.153846154,0.140000001,2.435000062,2.494528357,42.09012604,0.232024997,0,117931.25,5.98E-05,0.000606358,0.5,42.05739972,2019,0.033604988,
Oahu,Oahu_E,165 Deep,67,-157.85832,21.58154,41,3.454545455,0.140000001,2.435000062,2.497735833,44.9111042,NA,0,117274.5,5.20E-05,0.000173949,2.399999857,42.05739972,2019,0.033604988,
Oahu,Oahu_E,165 Mid,35,-157.86522,21.58467,6,2.777777778,0.140000001,2.435000062,2.497735833,44.9111042,0.088012502,217.8418375,113533,0.000597402,0.001998972,9.448498611,42.05739972,2019,0.033604988,
Oahu,Oahu_E,166 Mid,36,-157.82323,21.53854,29,2.75,0.140000001,2.435000062,2.494528357,43.83565394,NA,1549.617357,119400.5,1.72E-05,0.00097488,41.371081,42.05739972,2019,0.033604988,
Oahu,Oahu_E,167 Mid,22,-157.81325,21.49754,25,2.457142857,0.140000001,2.450000048,2.493584975,42.09012604,0.232024997,23.81581344,NA,5.05E-05,0.000433877,6.600000381,42.05739972,2019,0.033604988,
Oahu,Oahu_E,168 Mid,41,-157.89626,21.6169,3,2.3125,0.917499993,2.845000044,2.505471679,45.72262383,0.088012502,15464.3545,93500.66667,0.00173074,0.005791242,16,42.05739972,2019,0.033604988,
Oahu,Oahu_E,169 Mid,32,-157.88087,21.59948,14,3.2,0.140000001,2.435000062,2.497735833,44.9111042,0.088012502,6662.732407,108113,0.001657035,0.005544617,12.89999962,42.05739972,2019,0.033604988,
Oahu,Oahu_S,17 Shallow,7.7,-157.8154198,21.2549916,10.54320988,NA,1.039999962,3.045000017,2.558301782,46.65156364,0.056911948,10554.60563,16005,0.051411545,0.580258214,299.2704405,20.50245833,2019,0.017390041,0.010740002
Oahu,Oahu_N,170 Mid,44,-157.90584,21.63446,16,3.166666667,1.021499989,3.052000046,2.502641534,45.8844986,0.070568752,5929.640872,97007.75,0.018757446,0.013318271,21.5,NA,2019,0.033604988,
Oahu,Oahu_E,171 Shallow,16,-157.78337,21.4676,18,2.933333333,0.289999992,2.424999893,2.495848998,42.09012604,0.232024997,0,112091.5,0.005428885,0.012701064,3.200000048,42.05739972,2019,0.033604988,0.028187795
Oahu,Oahu_E,172 Shallow,8,-157.88444,21.58058,27,2.903225806,0.140000001,2.435000062,2.497735833,44.9111042,NA,18711.51318,NA,0.016019929,0.054379139,35.29999924,42.05739972,2019,0.033604988,0.028187795
Oahu,Oahu_E,173 Shallow,14,-157.81126,21.48806,25,2.9,0.140000001,2.450000048,2.493584975,42.09012604,0.232024997,0,NA,0.000346129,0.002300841,1.50665187,42.05739972,2019,0.033604988,0.028187795
Oahu,Oahu_N,174 Deep,98,-158.06158,21.67634,58,2.5,0.800000012,3.625,2.53566033,46.70905075,0.053976472,4423.627364,102546.5,0.001774956,0.002517616,7.143696544,NA,2019,0.033604988,
Oahu,Oahu_N,175 Deep,84,-158.08913,21.6317,65,3.25,0.863999996,3.432999946,2.528301959,43.74112701,0.056335706,7660.515027,92253.5,0.022098717,0.013253648,20.70000076,NA,2019,0.033604988,
Oahu,Oahu_N,176 Deep,88,-158.02632,21.70428,100,3.714285714,1.399999976,3.594999909,2.522264049,47.94262695,0.050823528,2173.422825,133936.5,0.005317064,0.007541777,8.899999619,NA,2019,0.033604988,
Oahu,Oahu_N,176 Mid,23,-158.02042,21.70109,86,2.941176471,1.399999976,3.594999909,2.522264049,47.94262695,0.050701176,3662.43752,132422,0.035852586,0.050853672,33.09999847,NA,2019,0.033604988,
Oahu,Oahu_N,176 Shallow,11,-158.02365,21.69681,94,3.35,1.25,3.734999895,2.509245423,47.94262695,0.051760784,4111.72628,106123.5,0.041016749,0.058178571,19.5,NA,2019,0.033604988,
Oahu,Oahu_N,177 Deep,64,-158.04333,21.68807,74,3.6,1.25,3.734999895,2.509245423,46.70905075,0.051760784,23444.54012,106123.5,0.0181746,0.025779038,59.59999847,NA,2019,0.033604988,
Oahu,Oahu_N,178 Deep,61,-158.11618,21.61264,93,3.9,0.649999976,3.329999924,2.536226453,43.74112701,0.057618334,0,92253.5,0.011356254,0.006797539,37.29999924,NA,2019,0.033604988,
Oahu,Oahu_N,179 Mid,21,-158.03491,21.68908,51,2.967741935,1.25,3.734999895,2.509245423,47.32941691,0.051760784,28504.78,111106,0.043593049,0.06183282,71.79999542,NA,2019,0.033604988,
Oahu,Oahu_N,179 Shallow,6,-158.03186,21.69099,88,4,1.25,3.734999895,2.509245423,47.32941691,0.051760784,24436.86526,106123.5,0.045430396,0.064438932,83.60499676,NA,2019,0.033604988,
Oahu,Oahu_W,18 Shallow,13,-158.132,21.3564864,35,NA,0,1.805000067,2.557877361,46.03106308,0.05875647,1786.04455,34121.41,0.063011898,0.182234901,45.67527477,NA,2019,0.041230621,
Oahu,Oahu_N,180 Mid,32,-158.09941,21.61815,83,3.333333333,0.863999996,3.432999946,2.528301959,43.74112701,0.057618334,5574.403889,91195,0.078088964,0.046741899,78.30000305,NA,2019,0.033604988,
Oahu,Oahu_N,180 Shallow,7.3,-158.0946218,21.61524455,9.363636364,3.25,0.863999996,3.432999946,2.528301959,43.74112701,0.05704,7015.157602,91195,0.118328832,0.070828367,78.30000305,NA,2019,0.040897529,
Oahu,Oahu_N,181 Mid,22,-158.1167,21.59768,90,3.333333333,0.670000002,3.029999979,2.530188542,43.96650124,0.057618334,15532.1844,92253.5,0.0639342,0.04142476,76.09999847,NA,2019,0.033604988,
Oahu,Oahu_N,182 Mid,34.5,-158.05152,21.67437,64.5,3.307692308,1.025000006,3.679999948,2.522452877,46.43234444,0.055325882,26030.57404,102546.5,0.034698077,0.049216101,137.6499977,NA,2019,0.357255889,
Oahu,Oahu_N,183 Shallow,13,-158.13522,21.59097,83,3.566666667,0.670000002,3.029999979,2.530188542,43.96650124,0.054706058,44815.91704,93330.5,0.11358501,0.070922658,26,NA,2019,0.033604988,
Oahu,Oahu_S,184 Mid,29,-157.84122,21.27431,26,3.272727273,0.899999976,3.045000017,2.558301782,45.8685627,0.05872941,4617.636972,6405.5,0.032561808,0.444728469,1205.700073,20.50245833,2019,0.033604988,0.028187795
Oahu,Oahu_S,185 Mid,25,-157.77679,21.26196,22,3.103448276,1.779999971,3.269999981,2.55283021,46.88650131,0.056233272,4455.717307,10858.5,0.041690162,0.330401394,79.40000153,20.50245833,2019,0.033604988,0.028187795
Oahu,Oahu_S,185 Shallow,12,-157.77156,21.26629,22,2.884615385,1.779999971,3.269999981,2.55283021,46.88650131,0.056190196,1796.495408,9526.5,0.038841395,0.307824455,49.70000076,20.50245833,2019,0.033604988,0.028187795
Oahu,Oahu_S,188 Shallow,14,-157.74751,21.27213,5,3.2,1.950000048,3.459999919,2.561320791,46.97325134,0.055560295,832.2389968,6478.5,0.035684405,0.282804796,36.20000076,20.50245833,2019,0.033604988,0.028187795
Oahu,Oahu_S,189 Mid,28,-157.79489,21.25145,50,3.8,1.779999971,3.269999981,2.55283021,46.81100082,0.057047977,20207.46903,21480,0.039063905,0.314710738,307.6999817,20.50245833,2019,0.033604988,0.028187795
Maui,Maui_W,19 Mid,33,-156.4962666,20.63266576,43.88888889,2.975715581,3.720000108,3.590000033,2.655031364,48.71324921,0.058282353,0,0,0.040148621,0.023856418,55.18999328,53.34615741,2019,0.048049787,0.029675308
Maui,Maui_W,19 Shallow,12.8,-156.4959348,20.63251433,32.33333333,3.167017544,5.760000229,3.590000033,2.659811236,48.71324921,0.058282353,0,0,0.042609418,0.025318631,55.14293545,53.34615741,2019,0.063618,0.039290158
Oahu,Oahu_S,190 Mid,50,-157.75102,21.26293,51,3.333333333,1.779999971,3.269999981,2.55283021,46.97325134,0.055608273,75.6571722,7008,0.006327348,0.050145275,3.600000143,20.50245833,2019,0.033604988,0.028187795
Oahu,Oahu_S,191 Mid,49,-157.741,21.26298,44,3.2,1.950000048,3.459999919,2.561320791,46.88650131,0.05547059,1.399765379,6497,0.000765065,0.006063265,3.600000143,20.50245833,2019,0.033604988,0.028187795
Oahu,Oahu_S,192 Shallow,3.7,-157.8237446,21.26732705,8.360655738,4,1.03770488,3.045000017,2.558301782,45.94462585,0.057089098,5914.570565,6408.790984,0.054030567,0.699236904,1372.58711,20.50245833,2019,0.020964779,0.012947743
Oahu,Oahu_S,193 Shallow,18,-157.80847,21.2496,45,3.8,1.659999967,3.320000052,2.588490648,46.78583399,0.056659558,9834.60864,16005,0.035352084,0.350096707,152.3426288,20.50245833,2019,0.033604988,0.028187795
Oahu,Oahu_S,194 Shallow,13,-157.7578,21.27007,29,3.266666667,1.779999971,3.269999981,2.55283021,46.88650131,0.056190196,461.1650405,6460.5,0.04353911,0.345054622,57.59999847,20.50245833,2019,0.033604988,0.028187795
Oahu,Oahu_S,195 Mid,36,-158.06664,21.29029,42,3.28,0,2.515000045,2.572830056,47.44743919,0.099871141,509.2480853,6515,0.16028665,0.20401825,15.10000038,20.50245833,2019,0.033604988,0.028187795
Oahu,Oahu_S,196 Mid,30,-158.0058,21.29342,56,3.2,0.289999992,2.540000081,2.589811289,45.99616623,0.140636399,0,6478.5,0.00595514,0.007579903,0.16502783,20.50245833,2019,0.033604988,0.028187795
Oahu,Oahu_S,197 Mid,29,-157.93333,21.29814,22,2.6,0.449999988,2.575000048,2.596792437,44.6032486,0.074301358,0,6442,0.157566961,0.462232478,9.5,20.50245833,2019,0.033604988,0.028187795
French Frigate Shoals,French Frigate Shoals,199 Shallow,17,-166.261296,23.768863,2,NA,8.800000191,4.015999925,3.236037632,NA,0.081466667,NA,93334.5,NA,NA,NA,14.58979388,2019,0.033604988,
Oahu,Oahu_N,2 Shallow,8.3,-158.1933333,21.583608,11.53333333,NA,0.629999995,2.824999988,2.537924569,45.77731133,0.045969229,1244.901514,100904,0.161057606,0.075109863,25.89999962,NA,2019,0.042532067,
Maui,Maui_W,20 Shallow,12,-156.464264,20.75493667,19,2.908934708,1.066666682,2.444999948,2.559119543,45.84337425,0.061333332,1842.265525,0,0.100507637,0.139247573,74.9776876,53.34615741,2019,0.140648292,0.08686368
French Frigate Shoals,French Frigate Shoals,201 Shallow,17,-166.233244,23.791782,5,NA,8.739999771,3.868000114,3.245848926,NA,NA,NA,17261.30029,NA,NA,NA,14.58979388,2019,0.033604988,
French Frigate Shoals,French Frigate Shoals,202 Shallow,11,-166.2717385,23.870553,50,NA,8.729999542,3.708000022,3.235849093,46.72318649,0.058735215,NA,NA,NA,NA,NA,14.58979388,2019,0.266592339,
Kure,Kure,203 Deep,85,-178.346139,28.459215,50,NA,6.769999981,4.207499996,4.512452971,44.98500061,0.055157144,NA,281178.4063,NA,NA,NA,NA,2019,0.033604988,
Kure,Kure,203 Mid,50,-178.347106,28.45291,20,NA,6.769999981,4.207499996,4.512452971,44.98500061,0.055157144,NA,279469.6094,NA,NA,NA,NA,2019,0.033604988,
Kure,Kure,203 Shallow,16,-178.345514,28.450537,40,NA,6.769999981,4.207499996,4.512452971,44.98500061,0.058303809,NA,139275,NA,NA,NA,NA,2019,0.033604988,
Kure,Kure,204 Shallow,5,-178.30622,28.447603,75,NA,6.5,4.036249943,4.48000001,44.69662476,0.062519997,NA,290602.9063,NA,NA,NA,NA,2019,0.033604988,
Kure,Kure,205 Deep,75,-178.282467,28.430291,20,NA,6.550000191,4.21875006,4.477358404,44.78694992,0.060525,NA,146259.9063,NA,NA,NA,NA,2019,0.033604988,
Kure,Kure,205 Mid,43.5,-178.2839095,28.430134,11.5,NA,6.550000191,4.21875006,4.477358404,44.78694992,0.060525,NA,146259.9063,NA,NA,NA,NA,2019,0.188848069,
Kure,Kure,206 Mid,50,-178.28271,28.39062,10,NA,6.690000057,3.998750068,4.468113269,44.751651,0.056125,NA,88783.60156,NA,NA,NA,NA,2019,0.033604988,
Kure,Kure,207 Deep,73,-178.341607,28.382965,2,NA,6.829999924,3.981250003,4.46679252,45.01124954,0.062249999,NA,26785.10059,NA,NA,NA,NA,2019,0.033604988,
Kure,Kure,207 Mid,50,-178.340911,28.385005,33,NA,6.829999924,3.981250003,4.46679252,45.01124954,0.062249999,NA,24905.40039,NA,NA,NA,NA,2019,0.033604988,
Kure,Kure,207 Shallow,17,-178.339301,28.38717,65,NA,6.829999924,3.981250003,4.46679252,45.01124954,0.062249999,NA,25697.80078,NA,NA,NA,NA,2019,0.033604988,
Kure,Kure,208 Deep,83,-178.383718,28.410867,1,NA,6.900000095,3.97625006,4.498490567,44.95762634,0.064225003,NA,243108.2969,NA,NA,NA,NA,2019,0.033604988,
Kure,Kure,208 Mid,33.5,-178.376257,28.4109475,32.5,NA,6.900000095,3.97625006,4.498490567,44.95762634,0.064225003,NA,116437.0547,NA,NA,NA,NA,2019,0.863469861,
Kure,Kure,209 Shallow,3,-178.368359,28.429351,50,NA,6.900000095,3.97625006,4.498490567,44.95762634,0.059835613,NA,0,NA,NA,NA,NA,2019,0.033604988,
Maui,Maui_W,21 Mid,22.5,-156.445207,20.6557265,4.5,3,1.100000024,2.990000069,2.649119491,48.71324921,0.056916667,5696.666254,0,0.310681857,0.184608,118.3853022,53.34615741,2019,0.154700538,0.095542278
Maui,Maui_W,21 Shallow,13.7,-156.444395,20.65659167,13.33333333,2.834373304,2.236666759,2.990000069,2.652494754,48.59095764,0.056916667,6867.987133,0,0.314514815,0.18688555,114.799998,53.34615741,2019,0.204889235,0.126538565
Kure,Kure,210 Mid,20,-178.354572,28.397929,100,NA,6.869999886,4.049999982,4.469056579,44.9057188,0.062249999,NA,0,NA,NA,NA,NA,2019,0.033604988,
Kure,Kure,211 Mid,50,-178.376489,28.422497,10,NA,6.900000095,3.97625006,4.498490567,44.95762634,0.064225003,NA,242481,NA,NA,NA,NA,2019,0.033604988,
Lisianski,Lisianski,212 Deep,73,-173.997974,26.10017,0,NA,1.830000043,4.390000137,3.9654717,46.36362457,0.050635297,NA,258807,NA,NA,NA,50.08958683,2019,0.033604988,
Lisianski,Lisianski,213 Mid,46,-173.997057,26.078413,30,NA,2.549999952,4.623333141,3.944716939,46.36362457,NA,NA,241343.3516,NA,NA,NA,50.08958683,2019,0.033604988,0.028187795
Lisianski,Lisianski,214 Shallow,15,-173.984708,26.078675,4,NA,2.549999952,4.623333141,3.944716939,46.36362457,NA,NA,253573.7969,NA,NA,NA,50.08958683,2019,0.033604988,
Lisianski,Lisianski,215 Deep,82,-173.891127,25.934678,10,NA,2,4.24333325,3.853207462,NA,0.094917648,NA,78088.10156,NA,NA,NA,50.08958683,2019,0.033604988,
Lisianski,Lisianski,215 Mid,55,-173.891064,25.934964,30,NA,2,4.24333325,3.853207462,NA,0.094917648,NA,78065.70313,NA,NA,NA,50.08958683,2019,0.033604988,0.028187795
Lisianski,Lisianski,216 Shallow,18,-173.89596,25.957353,85,NA,2.119999886,4.380000095,3.884150847,NA,0.094917648,NA,58045.90234,NA,NA,NA,50.08958683,2019,0.033604988,
Lisianski,Lisianski,217 Deep,79,-174.033027,25.988159,5,NA,2.930000067,4.814999998,3.874528237,46.55387497,0.08153167,NA,NA,NA,NA,NA,50.08958683,2019,0.033604988,
Lisianski,Lisianski,218 Mid,35,-173.994483,25.98726,3,NA,2.930000067,4.703333189,3.87943383,46.55387497,0.08153167,NA,NA,NA,NA,NA,50.08958683,2019,0.033604988,0.028187795
Lisianski,Lisianski,219 Shallow,15,-173.966002,25.98788,3,NA,2.930000067,4.703333189,3.87943383,NA,NA,NA,NA,NA,NA,NA,50.08958683,2019,0.033604988,
Maui,Maui_W,22 Shallow,12,-156.4513443,20.63753729,40.85714286,2.951111111,3.137142931,3.590000033,2.653638732,48.71324921,0.055663761,4807.362132,0,0.317276518,0.18852656,140.4182475,53.34615741,2019,0.28542642,0.176277928
Lisianski,Lisianski,220 Mid,23,-173.985168,26.051067,10,NA,2.549999952,4.623333141,3.944716939,NA,NA,NA,NA,NA,NA,NA,50.08958683,2019,0.033604988,0.028187795
Lisianski,Lisianski,221 Shallow,10,-173.969396,25.996363,3,NA,2.930000067,4.703333189,3.87943383,NA,NA,NA,NA,NA,NA,NA,50.08958683,2019,0.033604988,
Lisianski,Lisianski,222 Shallow,13,-173.989291,26.001363,1,NA,2.920000076,4.798333387,3.912264086,46.55387497,0.08153167,NA,167976.6094,NA,NA,NA,50.08958683,2019,0.033604988,
Pearl and Hermes,Pearl and Hermes,223 Mid,48,-175.861581,27.940545,20,NA,8.119999886,3.861111058,4.549434086,43.55741628,0.072162502,NA,254253.4063,NA,NA,NA,23.91779972,2019,0.033604988,0.028187795
Pearl and Hermes,Pearl and Hermes,224 Mid,24,-175.780824,27.95768,0,NA,7.289999962,3.718749987,4.55188672,44.23609352,0.057044118,NA,269727.5938,NA,NA,NA,23.91779972,2019,0.033604988,0.028187795
Pearl and Hermes,Pearl and Hermes,225 Mid,45,-175.997097,27.793086,0,NA,7.980000019,4.068888876,4.474717014,44.04037476,0.055441009,NA,226559.9063,NA,NA,NA,23.91779972,2019,0.033604988,0.028187795
Pearl and Hermes,Pearl and Hermes,225 Shallow,9.5,-175.995287,27.791167,87.5,NA,7.980000019,4.068888876,4.474717014,44.04037476,0.055441009,NA,228010.1563,NA,NA,NA,23.91779972,2019,0.282842712,
Pearl and Hermes,Pearl and Hermes,226 Mid,46,-175.88199,27.782404,30,NA,8.010000229,3.902222153,4.456981155,44.39306259,0.105800003,NA,27881.85059,NA,NA,NA,23.91779972,2019,0.033604988,0.028187795
Pearl and Hermes,Pearl and Hermes,226 Shallow,15,-175.883066,27.783503,93,NA,8.010000229,3.902222153,4.456981155,44.39306259,0.105800003,NA,27335.57568,NA,NA,NA,23.91779972,2019,0.033604988,
Pearl and Hermes,Pearl and Hermes,227 Shallow,3,-175.978696,27.774733,10,NA,7.980000019,4.068888876,4.474717014,44.28940678,0.054495294,NA,119272.3047,NA,NA,NA,23.91779972,2019,0.033604988,
Maui,Maui_N,229 Mid,31.8,-156.3724346,20.93355519,4.21875,3.220715715,2.561666672,2.051666665,2.499056546,NA,NA,231.6521899,114790.3828,0.310199519,0.116321059,104.6364888,NA,2019,0.039001602,
Maui,Maui_N,229 Shallow,12.5,-156.372476,20.93103167,3,3.63510184,2.561666672,2.051666665,2.499056546,NA,NA,446.9497011,114343.0651,0.388869861,0.142847018,113.231327,NA,2019,0.115306973,
Maui,Maui_W,23 Mid,20,-156.4479225,20.6432555,12,2,1.149999976,3.700000107,2.6197169,48.71324921,0.056602206,5710.428653,0,0.311257853,0.184950229,152,53.34615741,2019,0.086857955,0.053643038
Maui,Maui_W,23 Shallow,12.5,-156.444189,20.6478305,8,2.6,5.5,3.700000107,2.632651917,48.71324921,0.056916667,6032.874427,0,0.314950925,0.187144693,141.5999947,53.34615741,2019,0.350687143,0.216582623
Maui,Maui_N,230 Mid,21,-156.3747177,20.92823967,1,3.21547619,2.561666672,2.051666665,2.499056546,NA,NA,522.1432568,112966.5013,0.394630057,0.134933286,77.40000153,NA,2019,0.154700538,
Maui,Maui_N,230 Shallow,15.2,-156.3749168,20.92812033,0.888888889,3.282911322,2.944444474,2.051666665,2.50528296,NA,NA,499.9626639,113062.4011,0.416382151,0.14073904,96.63779004,NA,2019,0.133974596,
Maui,Maui_N,231 Mid,43.2,-156.3836085,20.93062769,3.461538462,2.919568684,2.700769231,2.051666665,2.500493411,46.04537582,NA,401.6224714,113648.5339,0.122939048,0.036889596,68.52092107,NA,2019,0.08681946,
Maui,Maui_N,231 Shallow,18,-156.382805,20.923688,0,2.947368421,3.710000078,2.051666665,2.517735787,NA,NA,573.7888341,112701.3984,0.569307112,0.157682107,116.4000015,NA,2019,0.033604988,
Maui,Maui_N,232 Mid,33.8,-156.390611,20.92895719,1.523809524,3.127433491,2.87698414,2.051666665,2.503503984,46.04537582,NA,165.2453108,113576.8463,0.065851342,0.016421474,49.79373847,NA,2019,0.078995001,
Maui,Maui_N,232 Shallow,15,-156.38952,20.92672,3.5,3.263157895,3.710000078,2.051666665,2.517735787,46.04537582,NA,307.3556694,113493.0234,0.136295642,0.033941635,57.62023394,NA,2019,0.461076043,
Maui,Maui_N,233 Mid,25,-156.390167,20.920019,2,3.368421053,3.710000078,2.051666665,2.517735787,NA,NA,451.9313584,108881.8047,0.711082837,0.166993036,97.40000153,NA,2019,0.033604988,
Maui,Maui_N,233 Shallow,17.5,-156.3921453,20.92003325,6,3.026035055,3.710000078,2.051666665,2.517735787,NA,NA,458.509932,108881.8047,0.688256153,0.157270714,93.89642122,NA,2019,0.119347571,
Molokai,Molokai_S,234 Shallow,9,-157.0588335,21.0848085,15,3.256521739,10.56000042,4.836666822,2.582075515,48.85262585,0.045517646,0,5922,0.00077134,0.000431796,0,NA,2019,0.289296471,
Molokai,Molokai_S,235 Shallow,15,-157.095308,21.0858665,17.5,3.442857143,10.56000042,4.836666822,2.582075515,49.10174942,0.045364708,0,6405.5,0.000244389,7.57E-05,0.100000001,NA,2019,0.116914211,
Molokai,Molokai_S,236 Shallow,12.5,-157.1021385,21.0871665,20,3.1125,10.5,4.856666764,2.590943409,49.28849792,0.045364708,0,6405.5,0.002173823,0.000675014,0.050000001,NA,2019,1,
Molokai,Molokai_S,237 Shallow,9.5,-157.108605,21.0906,20,3.65,10.43999958,4.876666705,2.599811302,49.28849792,0.045364708,0,6405.5,0.016406035,0.005630681,0,NA,2019,0.163691537,
Molokai,Molokai_S,238 Shallow,14.7,-157.070489,21.08610567,18.33333333,3.583333333,10.56000042,4.836666822,2.582075515,48.97725042,0.045364704,0,6040.666667,0.000424748,0.000232666,0.100000001,NA,2019,0.632455532,
Molokai,Molokai_S,239 Shallow,9.3,-157.0806777,21.08647767,4,3.303703704,10.56000042,4.836666822,2.582075515,49.10174942,0.045364704,6.863081646,6247.333333,0.000229553,0.000124502,0.200000003,NA,2019,0.461076043,
Maui,Maui_W,24 Mid,36,-156.44725,20.68065,14,2.1,4.510000229,2.990000069,2.659245281,47.54987335,0.059588561,2345.724252,0,0.303130229,0.180120806,224.9000092,53.34615741,2019,0.033604988,0.028187795
Maui,Maui_W,24 Shallow,14.2,-156.4454983,20.67910033,11.83333333,2.452811245,2.236666759,2.990000069,2.652494754,47.54987335,0.059006971,3779.443159,0,0.316102795,0.187829139,235.927402,53.34615741,2019,0.123510088,0.076279212
Hawaii,Hawaii_SW,240 Mid,37.5,-155.9006606,19.2103305,2.384270727,2.048776527,4.270499968,5.358833306,2.671245395,48.28729248,0.049682354,9486.132155,18098.00864,0.074641268,0.055331834,2.400000095,54.64444444,2019,0.073799918,0.045578459
Hawaii,Hawaii_SW,240 Shallow,15,-155.8999482,19.210145,1.433982684,2.077552967,4.29649998,5.357666552,2.669283197,48.28729248,0.049682354,9381.741654,18092.93105,0.075174769,0.055727321,2.400000095,54.64444444,2019,0.112707118,
Oahu,Oahu_N,241 Shallow,9,-158.1672667,21.580056,21.2,NA,0.629999995,2.824999988,2.537924569,44.86849976,0.046774615,14179.89146,97345.5,0.162530907,0.075796942,12.35806328,NA,2019,0.030240568,
Kauai,Kauai_S,242 Shallow,6.2,-159.4773169,21.88096803,1.42,NA,2.200000048,3.476666749,2.730566025,45.12350082,0.079015384,17529.24718,6442,0.268815206,0.121592246,134.3999939,NA,2019,0.058453187,
Oahu,Oahu_E,243 Shallow,6.5,-157.808285,21.45907,11,2.4,0.140000001,2.450000048,2.493962306,42.09012604,NA,2737.793291,NA,0.046317429,0.116554567,12,42.05739972,2019,0.414941771,0.256265959
Oahu,Oahu_E,244 Shallow,6.5,-157.816155,21.46231667,21.33333333,2.366666667,0.140000001,2.450000048,2.493962306,42.09012604,NA,2369.958827,NA,0.038493233,0.11560972,19.94999981,42.05739972,2019,0.140666028,0.086874634
Oahu,Oahu_E,245 Shallow,5.1,-157.8205968,21.47034211,16.21052632,2.3,0.140000001,2.450000048,2.493962306,42.09012604,NA,76.92911713,NA,0.001830392,0.007726916,11.7511646,42.05739972,2019,0.07199134,0.044461491
Oahu,Oahu_E,246 Shallow,6.6,-157.8259548,21.47561593,24.48148148,2.2625,0.140000001,2.450000048,2.493962306,42.09012604,NA,1156.996657,NA,0.000974132,0.007222824,11.65185176,42.05739972,2019,0.043006932,0.026560866
Hawaii,Hawaii_NW,247 Mid,37.5,-155.8600725,19.9595,0,2.013157895,4.00000006,5.622499941,2.648679302,40.82931137,0.070321428,7950.494585,40.5,0.047282003,0.126066929,122.4000015,53.47187889,2019,1,1
Hawaii,Hawaii_NW,247 Shallow,15,-155.859595,19.959135,0,2,4.00000006,5.622499941,2.648679302,40.82931137,0.070321428,7950.494585,40.5,0.047695305,0.127368877,122.4000015,53.47187889,2019,1,1
Hawaii,Hawaii_E,248 Mid,30,-155.0471929,19.7336,0,1.495651935,0,6.039999962,2.476556634,NA,NA,27241.82075,31707.70117,0.139061778,0.650635346,32.90000153,NA,2019,1,
Hawaii,Hawaii_E,248 Shallow,15.1,-155.046845,19.73322667,3.102367051,2.185483048,0,6.039999962,2.47889491,NA,NA,27241.82075,31707.70117,0.139850933,0.6543276,32.90000153,NA,2019,0.110973526,
Oahu,Oahu_E,249 Shallow,6.5,-157.77194,21.42141,7,2.7,0.289999992,2.639999986,2.496415084,NA,NA,544.685934,NA,0.135374519,0.360932146,21.05000019,42.05739972,2019,1,0.617594992
Maui,Maui_W,25 Mid,32.5,-156.446616,20.691798,6,2.058823529,1.100000024,2.990000069,2.649119491,47.54987335,0.060241666,944.0680476,0,0.30301713,0.180053599,258.8999939,53.34615741,2019,1,1
Maui,Maui_W,25 Shallow,7.5,-156.445595,20.6927515,23.5,2.798148148,4.510000229,2.990000069,2.659245281,47.54987335,0.060241666,5285.677028,0,0.31409989,0.186638991,234.1491372,53.34615741,2019,0.279840336,0.17282799
Oahu,Oahu_S,250 Shallow,8.8,-157.8805682,21.29930909,18.93181818,NA,0.449999988,2.699999928,2.589245274,45.19787407,0.063935295,2604.249295,6405.5,0.039513205,0.68380179,60.84033977,20.50245833,2019,0.019680453,0.012154549
Oahu,Oahu_W,251 Shallow,9.3,-158.23,21.526168,38.73333333,NA,0.610000014,2.404999942,2.537767308,46.68756294,0.049209192,28.29421425,20896,0.030707531,0.024946501,12.80000019,NA,2019,0.077554056,
Maui,Maui_S,253 Shallow,12.5,-156.43865,20.613325,17.5,3.25,5.570000172,3.700000107,2.633050243,48.56109333,0.053317647,1117.524748,0,0.199318201,0.126764496,36.5,7.031746032,2019,0.632455532,
Maui,Maui_S,254 Shallow,10,-156.44382,20.62521,10,3.1,5.570000172,3.700000107,2.633050243,48.35884933,0.053317647,3448.403937,0,0.299486957,0.179131219,103,7.031746032,2019,0.033604988,
Maui,Maui_W,255 Shallow,12,-156.46017,20.73905,35,2.514056225,3.380000114,2.904999912,2.661886863,45.84337425,0.060787499,4668.926843,0,0.105861152,0.145986369,103.5500031,53.34615741,2019,0.447213595,0.276196877
Maui,Maui_W,256 Shallow,13.5,-156.463365,20.76354,30,3.514619883,1.980000019,2.444999948,2.560000042,44.13687515,0.061333332,695.6129425,0,0.257221412,0.155957868,90.29999924,53.34615741,2019,1,1
Maui,Maui_S,257 Shallow,16,-156.41389,20.591,5,3.02,5.989999771,4.100000024,2.633773552,48.37762451,0.054476471,141.4710693,0,0.000771208,0.022862817,29.5,7.031746032,2019,0.033604988,
Maui,Maui_W,258 Mid,24,-156.47572,20.77717,30,2.736842105,1.980000019,2.444999948,2.560000042,44.13687515,0.061333332,136.4882216,0,0.17226436,0.043646406,18.10000038,53.34615741,2019,0.033604988,0.028187795
Maui,Maui_W,259 Shallow,5,-156.46892,20.78484,15,3.625,1.980000019,2.444999948,2.560000042,NA,NA,1047.378818,NA,0.840062663,0.204735411,88.80000305,53.34615741,2019,0.033604988,0.028187795
Maui,Maui_W,26 Mid,36.5,-156.449505,20.711155,28,2.71627907,3.215000033,2.744999968,2.644434011,47.20825959,0.060241666,16828.45276,0,0.287313471,0.172604102,176.7499924,53.34615741,2019,1,1
Maui,Maui_W,26 Shallow,9.4,-156.4475864,20.7094828,24.8,2.907407407,1.105999994,2.585000023,2.619974849,48.13156128,0.060241666,20209.83424,0,0.310687561,0.184611365,168.8999939,53.34615741,2019,0.217532614,0.134347053
Maui,Maui_W,260 Shallow,8,-156.477555,20.789965,7.5,3.150735294,1.980000019,2.444999948,2.560000042,NA,NA,281.0175703,NA,0.727002379,0.147921787,34.5,53.34615741,2019,0.409126993,0.252674782
Maui,Maui_W,261 Shallow,10,-156.48716,20.794125,22.5,3.061313077,1.980000019,2.444999948,2.560000042,44.13687515,NA,1974.716194,0,0.585379191,0.080043114,25.70000076,53.34615741,2019,0.71786928,0.443352472
Maui,Maui_S,263 Shallow,15,-156.43121,20.59559,0,2.805,5.989999771,4.100000024,2.633773552,48.31712341,0.054353922,98.34728702,0,0.04208323,0.04452018,11.30000019,7.031746032,2019,1,
Maui,Maui_S,264 Shallow,17,-156.4400867,20.60522333,43.33333333,3.456666667,5.570000172,3.700000107,2.633050243,48.56109333,0.053317647,240.0480458,0,0.126463837,0.088605552,13.55043955,7.031746032,2019,0.093244691,
Oahu,Oahu_N,265 Shallow,6.3,-158.064,21.646476,7.2,NA,0.863999996,3.432999946,2.528301959,44.91731262,0.059699119,35817.17891,84917,0.041052363,0.055335935,210.3000031,NA,2019,0.070299526,
Oahu,Oahu_W,266 Shallow,14.5,-158.1608,21.393744,35.9,NA,0,1.730000019,2.562075561,44.45200157,0.104625002,6927.6495,26371,0.037884143,0.2408113,4.699999809,NA,2019,0.070161483,
Maui,Maui_N,267 Mid,25.4,-156.5011673,20.943745,10.28571429,3.066628874,3.86285707,6.449999809,2.55452829,46.3322506,0.076741174,4874.095778,88671.10156,0.086895719,0.024628044,10.59999943,NA,2019,0.13760516,
Maui,Maui_N,267 Shallow,13.9,-156.5008442,20.94120406,11.35294118,3.044356427,2.922352861,6.107646942,2.548934504,46.3322506,0.076741174,9345.272633,93239.52436,0.095153356,0.026612582,9.84643762,NA,2019,0.049117134,
Maui,Maui_N,268 Mid,39,-156.4945395,20.942267,6,3.175438596,1.820000052,5.480000019,2.538679231,46.3322506,0.076741174,744.058401,102834,0.035468776,0.009797377,6.400000095,NA,2019,1,
Maui,Maui_N,268 Shallow,11.8,-156.4941574,20.93654375,8.8125,3.320201207,1.679999948,5.480000019,2.538679231,46.3322506,0.076741174,3308.916158,102096.4598,0.102597291,0.030323119,9.064447631,NA,2019,0.110172301,
Maui,Maui_N,269 Mid,29.1,-156.4875573,20.93417587,3.6,3.172584383,1.679999948,5.480000019,2.538679231,46.3322506,0.076741174,840.5478773,99427.33569,0.053549557,0.021648474,7.807303961,NA,2019,0.078769659,
Maui,Maui_N,269 Shallow,12.4,-156.4911123,20.93261659,9.62962963,3.220215981,1.679999948,5.480000019,2.538679231,46.3322506,0.076741174,4785.974368,92331.36594,0.112104911,0.055049463,10.30000019,NA,2019,0.039334827,
Maui,Maui_W,27 Shallow,9.7,-156.4544387,20.72768133,12.33333333,3.278874269,1.746666709,2.904999912,2.655597531,45.84337425,0.060241666,5599.070422,0,0.18097717,0.160724289,113.5914123,53.34615741,2019,0.133543964,0.082476084
Maui,Maui_N,270 Mid,36.4,-156.4898307,20.94001389,5.166666667,3.11151519,1.711111082,5.480000019,2.538679231,46.3322506,0.076741174,161.9369298,106942.3147,0.025323157,0.006994899,4.832098984,NA,2019,0.068542045,
Maui,Maui_N,271 Shallow,11.3,-156.448939,20.904876,13.83333333,3.180392157,3.150555486,2.314999979,2.518679241,NA,NA,1919.790628,99348.20313,0.441220648,0.176103492,73.29999542,NA,2019,0.052996546,
Maui,Maui_N,272 Shallow,8.8,-156.462783,20.9031165,6.75,2.125,1.679999948,5.480000019,2.538679231,NA,NA,3766.498438,85476.89844,0.22170105,0.302766868,67.80000305,NA,2019,0.08577573,
Maui,Maui_NW,273 Shallow,12,-156.6727275,20.9883325,35,2.757753759,10.89999962,3.443333437,2.610754625,48.7356081,0.048652941,22819.27647,12798.37525,0.078263297,0.106619484,124.385528,33.63518519,2019,0.099790358,0.061630025
Maui,Maui_WNW,274 Mid,24,-156.66895,20.85664,80,3.3,9.770000458,4.365000159,2.632452911,47.65604146,0.063328922,2493.805748,0,0.017555734,0.083761144,36,54.42444444,2019,0.033604988,0.028187795
Maui,Maui_WNW,274 Shallow,19,-156.67258,20.85888,10,2,9.770000458,4.365000159,2.632452911,47.72559357,0.063328922,659.2714024,0,0.017890227,0.080406903,213.2095868,54.42444444,2019,0.033604988,
Maui,Maui_WNW,275 Mid,24.5,-156.623985,20.807605,10,2.966666667,8.693333626,3.76333337,2.656188655,47.66350047,0.08776912,3468.444421,0,0.015266493,0.074009668,29,54.42444444,2019,0.231494791,0.142970024
Maui,Maui_WNW,275 Shallow,12.7,-156.6255333,20.80967667,11.66666667,3.127272727,8.693333626,3.76333337,2.656188655,47.66350047,0.078104904,3179.816188,0,0.01637735,0.078962461,25.86878626,54.42444444,2019,0.194729372,
Maui,Maui_W,276 Mid,30,-156.59026,20.79468,30,3.333333333,4.976666737,3.15066667,2.634339423,45.72212601,NA,236.3227007,0,0.000386084,0.010068769,16.20000076,53.34615741,2019,0.033604988,0.028187795
Maui,Maui_W,277 Mid,24,-156.58536,20.79198,25,2.3,4.976666737,3.15066667,2.634339423,45.72212601,NA,155.7747946,0,0.000378079,0.00985999,13.40000057,53.34615741,2019,0.033604988,0.028187795
Maui,Maui_W,277 Shallow,19,-156.58086,20.79071,20,2.823529412,4.976666737,3.15066667,2.634339423,45.72212601,NA,244.4241735,0,0.000354784,0.009252492,13.40000057,53.34615741,2019,0.033604988,0.028187795
Maui,Maui_W,278 Mid,20,-156.56754,20.78872,25,3,4.976666737,3.15066667,2.634339423,43.44137573,NA,111.7586782,0,0.000373383,0.009737542,23.39999962,53.34615741,2019,0.033604988,0.028187795
Maui,Maui_W,278 Shallow,19,-156.56192,20.78795,20,2.3,4.976666737,3.15066667,2.634339423,43.78912544,0.064183332,64.15245987,0,0.001034973,0.010697534,23.39999962,53.34615741,2019,0.033604988,0.028187795
Maui,Maui_W,279 Shallow,10.3,-156.5199333,20.77964667,16.66666667,3.122222222,2.619999886,2.710000053,2.602641412,43.78912544,0.062758332,3017.804845,0,0.505519254,0.042441565,39.338088,53.34615741,2019,0.149102687,0.092085073
Hawaii,Hawaii_SW,28 Mid,40,-155.91325,19.1673,70,2.028571429,5.180000052,5.595000178,2.67698126,49.28856277,0.046717647,339.5305786,21817.09961,0.073378575,0.0543958,1.100000024,54.64444444,2019,0.033604988,0.028187795
Maui,Maui_W,280 Shallow,7,-156.51458,20.785295,0,2.931972789,2.619999886,2.710000053,2.602641412,43.9630003,0.062045832,14109.75419,0,0.499751493,0.041957322,77.79388109,53.34615741,2019,1,1
Oahu,Oahu_W,281 Shallow,11.3,-158.248,21.55384,48.33333333,NA,0.769999981,2.814999998,2.550188784,47.12968636,0.048993677,4.002576523,12388,0.070105319,0.039836342,39.89999771,NA,2019,0.130702649,
Oahu,Oahu_W,282 Shallow,9.7,-158.241,21.54484867,35.26666667,NA,0.610000014,2.404999942,2.537767308,46.906253,0.048803309,39.61190033,10621.5,0.023431765,0.021606417,39.39999771,NA,2019,0.058742279,
Oahu,Oahu_S,283 Mid,23.4,-157.8477449,21.28108472,22,,,,NA,,,,,,,,,2015,,0.028187795
Oahu,Oahu_S,283 Shallow,16.9,-157.8444685,21.27911643,18.25,,,,NA,,,,,,,,,2015,,1
Oahu,Oahu_S,284 Mid,19.9,-157.9144355,21.29482253,10.5,,,,NA,,,,,,,,,2015,,0.028187795
Oahu,Oahu_S,284 Shallow,18.3,-157.9118577,21.29412745,9,,,,NA,,,,,,,,,2015,,0.170889145
Oahu,Oahu_S,285 Mid,22.1,-157.9169955,21.29524312,15.1,,,,NA,,,,,,,,,2015,,0.028187795
Oahu,Oahu_S,285 Shallow,18.3,-157.921156,21.29659907,14.66666667,,,,NA,,,,,,,,,2015,,0.98611055
Oahu,Oahu_S,286 Mid,19.8,-157.7990306,21.25256461,23,,,,NA,,,,,,,,,2015,,0.028187795
Oahu,Oahu_S,286 Shallow,17.6,-157.8006151,21.25265177,19.5,,,,NA,,,,,,,,,2015,,0.120481074
Oahu,Oahu_S,287 Shallow,17,-157.8526856,21.28404111,21.4,,,,NA,,,,,,,,,2015,,0.397025526
Oahu,Oahu_S,288 Mid,23,-157.7903794,21.25562942,22,,,,NA,,,,,,,,,2015,,0.028187795
Oahu,Oahu_S,288 Shallow,16.7,-157.7876659,21.25727411,24.5,,,,NA,,,,,,,,,2015,,0.209267867
Oahu,Oahu_S,289 Shallow,16.8,-157.8588983,21.28736113,17.5,,,,NA,,,,,,,,,2015,,1
Hawaii,Hawaii_NW,29 Mid,41,-155.981055,19.843489,31.5,2.275641026,6.047500119,5.720833224,2.618962198,46.44693756,0.055625686,962.0032959,6233,0.160504508,0.043593419,36.19320554,53.47187889,2019,1,1
Hawaii,Hawaii_NW,29 Shallow,14,-155.980458,19.842952,1,2.285714286,6.085000023,4.60666658,2.620943321,46.44693756,0.055625686,962.0032959,6233,0.162066142,0.044017558,36.20000076,53.47187889,2019,0.033604988,0.028187795
Oahu,Oahu_S,290 Mid,23.3,-157.7916161,21.25382664,20.5,,,,NA,,,,,,,,,2015,,0.028187795
Oahu,Oahu_S,290 Shallow,18.2,-157.7946052,21.25349673,20.5,,,,NA,,,,,,,,,2015,,1
Oahu,Oahu_S,291 Mid,20,-157.9269981,21.29810617,20.5,,,,NA,,,,,,,,,2015,,0.028187795
Oahu,Oahu_S,291 Shallow,16.6,-157.9266033,21.29854872,22.5,,,,NA,,,,,,,,,2015,,0.443352472
Oahu,Oahu_S,292 Mid,22.3,-157.9446885,21.30245038,14,,,,NA,,,,,,,,,2015,,0.285183161
Oahu,Oahu_S,292 Shallow,17,-157.9415419,21.30289669,10.5,,,,NA,,,,,,,,,2015,,0.301148573
Oahu,Oahu_S,293 Shallow,10.9,-157.9344862,21.30175537,20.9,,,,NA,,,,,,,,,2015,,0.175398746
Hawaii,Hawaii_NW,294 Mid,32.9,-156.051189,19.75511366,59.58333333,,,,NA,,,,,,,,,2015,,0.30295298
Hawaii,Hawaii_NW,295 Mid,23.2,-156.0378809,19.79020221,81.25,,,,NA,,,,,,,,,2015,,0.152865159
Hawaii,Hawaii_NW,295 Shallow,19,-156.0342137,19.79252228,43.75,,,,NA,,,,,,,,,2015,,1
Hawaii,Hawaii_NW,296 Mid,23.3,-156.0430028,19.78627438,57.5,,,,NA,,,,,,,,,2015,,0.100196925
Hawaii,Hawaii_NW,296 Shallow,19.3,-156.0408312,19.7883874,65,,,,NA,,,,,,,,,2015,,0.028187795
Hawaii,Hawaii_NW,297 Mid,30.8,-156.0474983,19.783885,52.28,,,,NA,,,,,,,,,2015,,0.171099315
Hawaii,Hawaii_NW,298 Mid,26.1,-156.050972,19.77323346,45,,,,NA,,,,,,,,,2015,,0.768766376
Hawaii,Hawaii_NW,299 Mid,30.1,-156.0511336,19.76186152,44.375,,,,NA,,,,,,,,,2015,,0.142545877
Kauai,Kauai_N,3 Shallow,5.5,-159.4650858,22.22649,5.2,NA,2.670000076,2.639999916,2.737169842,46.08033244,0.054617501,2614.259005,NA,0.144929826,0.071566006,173.8333282,NA,2019,0.063422145,
Hawaii,Hawaii_SW,30 Mid,32,-155.93278,19.4793,80,2,5.159999758,11.34000015,2.666981139,44.86700058,NA,946.3095647,73.40000153,0.229202322,0.171011938,34.20000076,54.64444444,2019,0.033604988,0.028187795
Hawaii,Hawaii_NW,300 Mid,29.2,-156.050577,19.76754426,45.83333333,,,,NA,,,,,,,,,2015,,0.152787587
Hawaii,Hawaii_NW,301 Mid,31.9,-156.0533065,19.74950233,61.66666667,,,,NA,,,,,,,,,2015,,0.239826613
Hawaii,Hawaii_NW,302 Mid,35,-156.0561667,19.73625333,45.97333333,,,,NA,,,,,,,,,2015,,0.200677403
Hawaii,Hawaii_SW,303 Mid,46,-155.91325,19.1673,62.26666667,,,,NA,,,,,,,,,2015,,0.116250985
Hawaii,Hawaii_NW,304 Mid,37.1,-155.875601,19.94458117,41.875,,,,NA,,,,,,,,,2015,,0.141501019
Hawaii,Hawaii_NW,305 Mid,31.7,-155.8648123,19.95351283,58.08333333,,,,NA,,,,,,,,,2015,,0.062469148
Hawaii,Hawaii_NW,306 Mid,31,-155.8709932,19.94906047,40,,,,NA,,,,,,,,,2015,,0.028187795
Hawaii,Hawaii_NW,306 Shallow,17.2,-155.8690296,19.95066081,50,,,,NA,,,,,,,,,2015,,0.028187795
Hawaii,Hawaii_NW,307 Mid,30.7,-155.8299141,19.99188632,53.75,,,,NA,,,,,,,,,2015,,0.361409353
Hawaii,Hawaii_NW,308 Mid,30.4,-155.8332041,19.98457109,64.01428571,,,,NA,,,,,,,,,2015,,0.095901521
Hawaii,Hawaii_NW,309 Mid,32.9,-155.8300621,19.99917867,52.54666667,,,,NA,,,,,,,,,2015,,0.631763345
Hawaii,Hawaii_NW,31 Mid,40,-155.90017,20.16001,32,2,5.214999944,12.22999954,2.651320799,41.25220871,0.053303098,24.6797438,1318.5,0.000464778,0.021849784,5.260888522,53.47187889,2019,0.033604988,0.028187795
Hawaii,Hawaii_NW,310 Mid,32.7,-155.9346396,19.85497739,33.09166667,,,,NA,,,,,,,,,2015,,0.035033022
Hawaii,Hawaii_NW,311 Mid,30.4,-155.929693,19.86108011,33.16,,,,NA,,,,,,,,,2015,,0.120132963
Hawaii,Hawaii_NW,312 Mid,30.7,-155.9673818,19.85123248,41.66666667,,,,NA,,,,,,,,,2015,,0.195992434
Hawaii,Hawaii_NW,313 Mid,32.8,-155.9093782,19.89483972,45.06,,,,NA,,,,,,,,,2015,,0.160572437
Hawaii,Hawaii_NW,314 Mid,31.6,-155.9053269,19.90298681,40,,,,NA,,,,,,,,,2015,,0.276374448
Hawaii,Hawaii_NW,315 Mid,29.2,-155.960439,19.85332631,42.0125,,,,NA,,,,,,,,,2015,,0.162913609
Hawaii,Hawaii_NW,316 Mid,34,-155.94743,19.85507,23.78,,,,NA,,,,,,,,,2015,,0.028187795
Hawaii,Hawaii_NW,317 Mid,32,-155.9229559,19.8718735,46.24,,,,NA,,,,,,,,,2015,,0.730902721
Hawaii,Hawaii_NW,318 Mid,31,-155.8664935,20.0794293,56.66666667,,,,NA,,,,,,,,,2015,,0.346762805
Hawaii,Hawaii_NW,319 Mid,30.6,-155.8624571,20.07376304,60.15,,,,NA,,,,,,,,,2015,,0.184474616
Hawaii,Hawaii_NW,32 Mid,37,-156.0274625,19.797106,23.5,2.133333333,5.940000147,10.1375002,2.619622807,48.16187541,0.047970667,0,7170.399902,0.102947141,0.042964505,23.20000076,53.47187889,2019,0.406321989,0.250942426
Hawaii,Hawaii_NW,32 Shallow,17,-156.026614,19.79692,2,2,5.980000108,6.805000134,2.62075489,48.16187541,0.047970667,0,7170.399902,0.103010786,0.042774433,23.20000076,53.47187889,2019,0.033604988,0.028187795
Hawaii,Hawaii_NW,320 Mid,25.9,-155.8881792,20.11923185,49.16666667,,,,NA,,,,,,,,,2015,,0.143928957
Hawaii,Hawaii_NW,321 Mid,32.3,-155.8706709,20.08533712,55,,,,NA,,,,,,,,,2015,,0.298049621
Hawaii,Hawaii_NW,322 Mid,30.8,-155.8789983,20.0987497,45.6,,,,NA,,,,,,,,,2015,,1
Hawaii,Hawaii_NW,323 Mid,27.5,-155.8479521,20.05914878,71.298,,,,NA,,,,,,,,,2015,,0.194636801
Hawaii,Hawaii_NW,324 Mid,29.8,-155.8556162,20.06755994,59.375,,,,NA,,,,,,,,,2015,,0.424838223
Hawaii,Hawaii_NW,325 Mid,33.7,-155.8960419,20.14182422,43.88875,,,,NA,,,,,,,,,2015,,0.150023876
Hawaii,Hawaii_NW,326 Mid,30.2,-155.8829658,20.10443608,49.66666667,,,,NA,,,,,,,,,2015,,0.939954681
Hawaii,Hawaii_NW,327 Mid,31.5,-155.8932723,20.13426422,41,,,,NA,,,,,,,,,2015,,0.955542669
Hawaii,Hawaii_NW,328 Mid,35.2,-155.8517328,20.06248323,59.16666667,,,,NA,,,,,,,,,2015,,0.541287834
Hawaii,Hawaii_NW,329 Mid,29.3,-155.8848829,20.11250118,49.375,,,,NA,,,,,,,,,2015,,0.150204287
Hawaii,Hawaii_SW,33 Mid,42,-155.90397,19.07672,40,2.027777778,4.549999982,4.90000011,2.660943409,48.08387375,0.043088235,0,142.1999969,0.164029506,0.090968225,1.100000024,54.64444444,2019,0.033604988,0.028187795
Hawaii,Hawaii_NW,330 Mid,30,-155.8758259,20.09326025,52.80333333,,,,NA,,,,,,,,,2015,,0.954227779
Hawaii,Hawaii_NW,331 Mid,29,-155.84073,20.05033,63.12,,,,NA,,,,,,,,,2015,,0.028187795
Maui,Maui_W,335 Shallow,11.1,-156.4596582,20.73717572,50,,,,NA,,,,,,,,,2015,,0.422278342
Maui,Maui_W,336 Mid,29,-156.46085,20.73229,37.27,,,,NA,,,,,,,,,2015,,0.028187795
Maui,Maui_W,336 Shallow,13.7,-156.4567248,20.72938872,43,,,,NA,,,,,,,,,2015,,0.27729522
Maui,Maui_W,337 Mid,26.6,-156.4631848,20.74787805,15.83333333,,,,NA,,,,,,,,,2015,,0.046417135
Maui,Maui_W,337 Shallow,17.9,-156.4613597,20.74510435,60,,,,NA,,,,,,,,,2015,,0.028187795
Maui,Maui_W,338 Mid,30,-156.44888,20.71268,52.38,,,,NA,,,,,,,,,2015,,0.028187795
Maui,Maui_NW,339 Mid,32,-156.69682,20.91294,55.25,,,,NA,,,,,,,,,2015,,0.028187795
Maui,Maui_NW,339 Shallow,11.8,-156.6966737,20.91426753,50,,,,NA,,,,,,,,,2015,,1
Hawaii,Hawaii_NW,34 Mid,37.4,-156.0168013,19.645271,8,2.026335049,3.898000038,10.49800018,2.654528427,46.62270864,0.049841557,630.5367939,113.1000015,0.018187163,0.125365317,36.5199997,53.47187889,2019,0.059915261,0.037003365
Hawaii,Hawaii_NW,34 Shallow,15,-156.017715,19.6464825,0,2.038461538,3.392499999,9.870000169,2.654151071,46.62270864,0.049841557,801.2204159,113.9000015,0.017004341,0.125568292,29.19999886,53.47187889,2019,1,1
Maui,Maui_WNW,340 Mid,33,-156.69075,20.883885,59.09,,,,NA,,,,,,,,,2015,,0.248010487
Lanai,Lanai_S,341 Mid,31.1,-156.942227,20.7345611,43.92857143,,,,NA,,,,,,,,,2015,,0.111120121
Lanai,Lanai_S,342 Mid,32,-156.9363511,20.73443127,45.83333333,,,,NA,,,,,,,,,2015,,0.23555609
Lanai,Lanai_S,343 Mid,35.1,-156.9573949,20.73192942,34.16666667,,,,NA,,,,,,,,,2015,,0.409361457
Lanai,Lanai_S,344 Mid,33.9,-156.9489665,20.73409172,33.57142857,,,,NA,,,,,,,,,2015,,0.273667721
Lanai,Lanai_S,345 Mid,31,-156.9115545,20.7358712,40.05285714,,,,NA,,,,,,,,,2015,,0.090924856
Lanai,Lanai_S,346 Mid,28.4,-156.9193928,20.73595095,48.75,,,,NA,,,,,,,,,2015,,0.095992761
Lanai,Lanai_S,347 Mid,30.2,-156.869329,20.74757171,31.66666667,,,,NA,,,,,,,,,2015,,0.037668887
Lanai,Lanai_S,348 Mid,29,-156.8622966,20.75192975,45,,,,NA,,,,,,,,,2015,,0.0300039
Lanai,Lanai_S,349 Mid,38,-156.84244,20.75623,34.58,,,,NA,,,,,,,,,2015,,0.028187795
Hawaii,Hawaii_NW,35 Mid,35.8,-155.8486193,19.97014583,9.668863987,2.011627907,4.727500081,5.624444448,2.639402646,40.82931137,0.070321428,17761.18484,38.5,0.062065049,0.158102771,29.84734821,53.47187889,2019,0.060702614,0.037489631
Hawaii,Hawaii_NW,35 Shallow,13,-155.8480887,19.96980967,0,2.089430894,4.755000114,5.260555559,2.640188809,40.82931137,0.070321428,17761.18484,37.5,0.062655673,0.15918689,37.47072445,53.47187889,2019,1,1
Lanai,Lanai_S,350 Mid,34,-156.87962,20.74078,65.84,,,,NA,,,,,,,,,2015,,0.028187795
Lanai,Lanai_S,351 Mid,30,-156.89285,20.73276,53.57,,,,NA,,,,,,,,,2015,,0.028187795
Maui,Maui_NW,352 Mid,24.7,-156.6944052,20.9336182,6.666666667,,,,NA,,,,,,,,,2015,,0.052330661
Maui,Maui_NW,352 Shallow,19.3,-156.6940258,20.93195381,50,,,,NA,,,,,,,,,2015,,0.028187795
Maui,Maui_NW,354 Shallow,17.1,-156.693581,20.9402818,35,,,,NA,,,,,,,,,2015,,0.276196877
Maui,Maui_WNW,355 Mid,28.3,-156.6922735,20.90952285,39.60333333,,,,NA,,,,,,,,,2015,,0.139107359
Maui,Maui_NW,356 Mid,25.3,-156.6916851,20.95306435,11.52,,,,NA,,,,,,,,,2015,,0.182873848
Maui,Maui_NW,357 Mid,27.5,-156.6879739,20.96153243,39,,,,NA,,,,,,,,,2015,,0.114683248
Maui,Maui_NW,358 Mid,23.1,-156.6955098,20.94631683,36.28,,,,NA,,,,,,,,,2015,,0.122713417
Maui,Maui_NW,358 Shallow,19.7,-156.6940629,20.94862143,19,,,,NA,,,,,,,,,2015,,0.028187795
Maui,Maui_W,359 Mid,24.9,-156.6153694,20.80316225,47.75,,,,NA,,,,,,,,,2015,,0.081970802
Maui,Maui_W,359 Shallow,15,-156.6196479,20.80376629,65,,,,NA,,,,,,,,,2015,,0.028187795
Hawaii,Hawaii_NW,36 Mid,34.1,-155.9967965,19.63669471,7.722741535,2.043052576,5.257058934,10.26411759,2.660943426,46.59905677,0.049912609,27668.72952,113.9000015,0.051627616,0.152623751,318.9470699,53.47187889,2019,0.041453401,0.025601413
Hawaii,Hawaii_NW,36 Shallow,15,-155.9968289,19.63719778,11.81709921,2.114976294,5.287777884,10.43444439,2.660985355,46.57803288,0.049918154,29027.28495,113.9000015,0.050158103,0.152172526,322.147666,53.47187889,2019,0.065313806,0.040337479
Maui,Maui_W,360 Mid,26.5,-156.5989313,20.80220647,60.5,,,,NA,,,,,,,,,2015,,0.133475169
Maui,Maui_W,360 Shallow,17.7,-156.5988232,20.80250012,47.5,,,,NA,,,,,,,,,2015,,0.322139504
Maui,Maui_W,361 Mid,34.6,-156.6080093,20.80461011,54.1225,,,,NA,,,,,,,,,2015,,0.227355563
Maui,Maui_W,361 Shallow,17.4,-156.6066374,20.80590206,65,,,,NA,,,,,,,,,2015,,0.377082129
Maui,Maui_W,362 Mid,29.3,-156.5924493,20.79709299,66.875,,,,NA,,,,,,,,,2015,,0.191645927
Maui,Maui_W,362 Shallow,15.3,-156.5916238,20.79788271,49.375,,,,NA,,,,,,,,,2015,,0.69035459
Maui,Maui_W,363 Mid,31.7,-156.6232617,20.80577353,57.5,,,,NA,,,,,,,,,2015,,0.230092204
Maui,Maui_W,363 Shallow,16.1,-156.6213643,20.80499469,77.5,,,,NA,,,,,,,,,2015,,0.028187795
Maui,Maui_W,364 Mid,30,-156.5872035,20.79305242,60.625,,,,NA,,,,,,,,,2015,,0.144941794
Maui,Maui_W,364 Shallow,17.5,-156.5877281,20.79417399,50,,,,NA,,,,,,,,,2015,,0.028187795
Maui,Maui_WNW,365 Mid,31,-156.63087,20.81472,64.58,,,,NA,,,,,,,,,2015,,0.028187795
Lanai,Lanai_NE,366 Mid,39,-156.8038662,20.80762145,27.08333333,,,,NA,,,,,,,,,2015,,0.112219172
Lanai,Lanai_S,367 Mid,30.3,-156.8355347,20.76015377,28.33333333,,,,NA,,,,,,,,,2015,,0.379775805
Lanai,Lanai_NE,368 Mid,31.9,-156.8106251,20.79275838,25.83333333,,,,NA,,,,,,,,,2015,,0.176064177
Lanai,Lanai_S,369 Mid,32.3,-156.8310961,20.76396731,29.16666667,,,,NA,,,,,,,,,2015,,0.512287616
Hawaii,Hawaii_NW,37 Mid,46,-155.86452,20.07392,72,2,5.677499868,6.525000107,2.655849205,40.48274994,0.062749999,2554.750969,113.9000015,0.000312214,0.044385822,0.899999976,53.47187889,2019,0.033604988,0.028187795
Lanai,Lanai_S,370 Mid,31.7,-156.8268554,20.76912235,17.5,,,,NA,,,,,,,,,2015,,0.112059935
Lanai,Lanai_NE,371 Mid,32.3,-156.8153559,20.84740748,13.965,,,,NA,,,,,,,,,2015,,0.152415084
Lanai,Lanai_S,372 Mid,31.1,-156.8203182,20.78092582,33.75,,,,NA,,,,,,,,,2015,,0.154047827
Lanai,Lanai_NE,373 Mid,27.8,-156.8197722,20.85336873,12.58333333,,,,NA,,,,,,,,,2015,,0.213027063
Lanai,Lanai_S,374 Mid,30.5,-156.8233334,20.77606488,32.5,,,,NA,,,,,,,,,2015,,0.174532379
Lanai,Lanai_NE,375 Mid,32.7,-156.8074536,20.79882319,23.5,,,,NA,,,,,,,,,2015,,0.12680141
Lanai,Lanai_NE,376 Mid,31,-156.82567,20.8597,11.49,,,,NA,,,,,,,,,2015,,0.028187795
Lanai,Lanai_NE,377 Mid,32.4,-156.8379571,20.87239411,27.625,,,,NA,,,,,,,,,2015,,0.243188494
Lanai,Lanai_NE,378 Mid,26.4,-156.8311417,20.86514818,46.875,,,,NA,,,,,,,,,2015,,0.194639147
Oahu,Oahu_E,379 Shallow,2,-157.8230298,21.460476,49.67916667,,,,NA,,,,,,,,,2015,,0.039629176
Oahu,Oahu_E,38 Shallow,6.5,-157.83384,21.4762275,58.875,2.424375,0.140000001,2.450000048,2.493962306,42.09012604,NA,14244.2806,NA,0.008038335,0.06162975,20.0219885,42.05739972,2019,0.101177625,0.062486795
Oahu,Oahu_E,380 Shallow,3,-157.81289,21.46145,6.095,,,,NA,,,,,,,,,2015,,0.13910369
Hawaii,Hawaii_SW,381 Mid,36,-155.8974,19.36915,50.86666667,,,,NA,,,,,,,,,2015,,0.339359791
Oahu,Oahu_E,382 Shallow,4,-157.82486,21.47630583,44.96166667,,,,NA,,,,,,,,,2015,,0.037383196
Hawaii,Hawaii_NW,383 Mid,32.5,-155.8368806,20.03568954,87.45,,,,NA,,,,,,,,,2015,,0.549737696
Hawaii,Hawaii_NW,384 Mid,33,-155.8488326,19.96998392,66.768,,,,NA,,,,,,,,,2015,,0.101971239
Oahu,Oahu_E,385 Shallow,3,-157.8338154,21.47677393,60.198,,,,NA,,,,,,,,,2015,,0.062185393
Oahu,Oahu_E,386 Shallow,4.5,-157.7925476,21.435536,62.11666667,,,,NA,,,,,,,,,2015,,0.054818341
Hawaii,Hawaii_NW,387 Mid,40,-155.9693461,19.56838086,50.0225,,,,NA,,,,,,,,,2015,,0.191015793
Oahu,Oahu_S,388 Shallow,3,-157.6960541,21.27085725,63.2325,,,,NA,,,,,,,,,2015,,0.088298359
Hawaii,Hawaii_NW,389 Mid,32.5,-155.9978199,19.83429919,45.715,,,,NA,,,,,,,,,2015,,0.830445752
Oahu,Oahu_E,39 Shallow,6.5,-157.8308125,21.4689375,38.25,2.255,0.140000001,2.450000048,2.493962306,NA,NA,8915.117709,NA,0.010044533,0.075185027,22.89508092,42.05739972,2019,0.182731947,0.112854335
Hawaii,Hawaii_NW,390 Mid,32.5,-156.0073277,19.81330135,46.975,,,,NA,,,,,,,,,2015,,0.637544999
Hawaii,Hawaii_NW,391 Mid,32.5,-155.830572,20.02044927,83.735,,,,NA,,,,,,,,,2015,,0.289308971
Oahu,Oahu_E,392 Shallow,3,-157.78204,21.45067,10,,,,NA,,,,,,,,,2015,,0.028187795
Oahu,Oahu_E,393 Shallow,3,-157.77996,21.46101,17.5,,,,NA,,,,,,,,,2015,,0.390601369
Oahu,Oahu_E,394 Shallow,3,-157.79572,21.44965,35.07,,,,NA,,,,,,,,,2015,,0.061332313
Oahu,Oahu_E,395 Shallow,3,-157.8031478,21.45143111,38.24111111,,,,NA,,,,,,,,,2015,,0.065760988
Oahu,Oahu_E,396 Shallow,3,-157.80656,21.47409,10,,,,NA,,,,,,,,,2015,,0.028187795
Oahu,Oahu_E,397 Shallow,3,-157.83292,21.48678,70,,,,NA,,,,,,,,,2015,,0.028187795
Oahu,Oahu_E,398 Shallow,3,-157.80513,21.44037,65,,,,NA,,,,,,,,,2015,,0.028187795
Oahu,Oahu_E,399 Shallow,3,-157.7902155,21.4283703,45.724,,,,NA,,,,,,,,,2015,,0.026926898
Kauai,Kauai_N,4 Shallow,4.9,-159.4466567,22.22607486,9.222222222,NA,2.687777837,3.737777663,2.755115297,46.38770803,0.054700002,7995.868103,NA,0.158141093,0.07911103,51.01916829,NA,2019,0.025148732,
Oahu,Oahu_E,40 Shallow,6.5,-157.828225,21.460255,39,2.1,0.140000001,2.450000048,2.493962306,NA,NA,8613.8706,NA,0.034447432,0.149994683,27.70000076,42.05739972,2019,0.108165036,0.066802184
Oahu,Oahu_E,400 Shallow,3,-157.770425,21.427935,75,,,,NA,,,,,,,,,2015,,0.405126046
Hawaii,Hawaii_NW,401 Mid,32.5,-155.9807801,19.84384463,46.555,,,,NA,,,,,,,,,2015,,0.184550741
Hawaii,Hawaii_NW,402 Mid,36,-155.993,19.6312,68.16666667,,,,NA,,,,,,,,,2015,,0.108598762
Oahu,Oahu_E,403 Shallow,8,-157.7149238,21.39355615,41.27538462,,,,NA,,,,,,,,,2015,,0.036753098
Hawaii,Hawaii_NW,404 Mid,32.5,-155.8996752,19.91382974,76.045,,,,NA,,,,,,,,,2015,,0.341297194
Hawaii,Hawaii_NW,405 Mid,32.5,-156.0279413,19.79650611,51.875,,,,NA,,,,,,,,,2015,,0.184407369
Hawaii,Hawaii_NW,406 Mid,40,-156.030183,19.6710758,58.692,,,,NA,,,,,,,,,2015,,0.151538525
Hawaii,Hawaii_NW,407 Mid,32.5,-155.8845226,19.93484452,74.77,,,,NA,,,,,,,,,2015,,0.504468693
Hawaii,Hawaii_SW,408 Mid,26,-155.93278,19.4793,50.8,,,,NA,,,,,,,,,2015,,0.357653488
Oahu,Oahu_E,41 Shallow,6.5,-157.8103375,21.4497425,19.5,2.3525,0.140000001,2.477500007,2.494433997,NA,NA,3403.141944,NA,0.118356487,0.299929713,26.87621742,42.05739972,2019,0.13965409,0.086249667
Lisianski,Lisianski,416 Mid,35.1,-173.9223,25.941,56.53439153,,,,NA,,,,,,,,,2014,,0.028187795
Lisianski,Lisianski,417 Mid,34.1,-174.00171,26.0659,73.89092389,,,,NA,,,,,,,,,2014,,0.028187795
Lisianski,Lisianski,418 Mid,26.9,-173.99403,26.00428,59.01775805,,,,NA,,,,,,,,,2014,,0.028187795
Lisianski,Lisianski,419 Mid,28.9,-174.00938,26.03164,40.11782309,,,,NA,,,,,,,,,2014,,0.028187795
Oahu,Oahu_E,42 Shallow,5.7,-157.8340865,21.48595696,38.86956522,2.203125,0.140000001,2.450000048,2.493962306,42.09012604,NA,4731.850876,NA,0.007373105,0.056529448,21.98260904,42.05739972,2019,0.053611974,0.033110486
Lisianski,Lisianski,420 Mid,43,-173.88033,25.94365,20.10543174,,,,NA,,,,,,,,,2014,,0.028187795
Lisianski,Lisianski,421 Mid,47.9,-173.87615,26.01977,33.7071893,,,,NA,,,,,,,,,2014,,0.028187795
Lisianski,Lisianski,423 Mid,45.9,-173.9535,25.94452,67.25359019,,,,NA,,,,,,,,,2014,,0.028187795
Pearl and Hermes,Pearl and Hermes,427 Mid,24.9,-175.97348,27.77575,36.64224664,,,,NA,,,,,,,,,2014,,0.028187795
Pearl and Hermes,Pearl and Hermes,428 Mid,24.9,-175.9396,27.77279,53.80625249,,,,NA,,,,,,,,,2014,,0.028187795
Pearl and Hermes,Pearl and Hermes,429 Mid,39.4,-175.72803,27.9386,12.94729729,,,,NA,,,,,,,,,2014,,0.028187795
Oahu,Oahu_E,43 Shallow,6.5,-157.8011933,21.43314333,10,2.466666667,0.189999998,2.549999972,2.49540882,NA,NA,3848.864958,NA,0.166580174,0.379129912,100.2941197,42.05739972,2019,0.153283391,0.094667055
Pearl and Hermes,Pearl and Hermes,430 Mid,38.1,-175.90467,27.91052,12.76211711,,,,NA,,,,,,,,,2014,,0.028187795
Pearl and Hermes,Pearl and Hermes,431 Mid,47.9,-175.94877,27.75313,3.431085044,,,,NA,,,,,,,,,2014,,0.028187795
Oahu,Oahu_E,44 Shallow,6.5,-157.82036,21.455935,17.5,2,0.140000001,2.450000048,2.493962306,NA,NA,6723.919465,NA,0.072389172,0.224276883,28.04153718,42.05739972,2019,0.206199475,0.127347763
Oahu,Oahu_E,45 Shallow,6.5,-157.789656,21.42469233,46.66666667,2.6,0.289999992,2.639999986,2.496415084,NA,NA,3333.100303,NA,0.206705351,0.470359559,99.09999847,42.05739972,2019,0.094679255,0.058473434
Oahu,Oahu_N,46 Shallow,5.7,-158.1078667,21.595702,23.33333333,NA,0.670000002,3.029999979,2.530188542,43.96650124,0.05704,37227.59401,84059.5,0.111865436,0.068151497,196.1999969,NA,2019,0.032648932,
Hawaii,Hawaii_NW,47 Mid,30,-155.9733975,19.5923825,5.93487395,2.076190476,4.894999981,9.974999861,2.65915097,43.83383433,0.0536125,26960.94032,553.4000244,0.40245224,0.289882552,77.02253493,53.47187889,2019,0.092158707,0.056916756
Hawaii,Hawaii_NW,47 Shallow,13.3,-155.9724167,19.59245667,3.587301587,2.071428571,5.251666586,11.04999984,2.660817632,43.83383433,0.0536125,26960.94032,573.4000244,0.407022007,0.293174101,73.85165337,53.47187889,2019,0.162817418,0.100555222
Hawaii,Hawaii_NW,48 Shallow,8,-155.96516,19.56382,68,3.4,5.964999795,13.19999981,2.664150958,43.88906288,0.077608332,3677.832129,3378.199951,0.409915728,0.295258426,85.29999542,53.47187889,2019,0.033604988,0.028187795
Hawaii,Hawaii_SW,49 Mid,20,-155.88832,19.31344,19,2.233333333,5.050000012,5.835000053,2.665849146,47.1600825,0.105999999,10651.07484,13506.7002,0.05239954,0.071842308,4.300000191,54.64444444,2019,0.033604988,0.028187795
Kauai,Kauai_N,5 Shallow,5,-159.4557255,22.22767321,13.4,NA,2.670000076,2.639999916,2.737169842,46.38770803,0.054700002,3549.331379,152606.5,0.157836493,0.078958652,139.6999969,NA,2019,0.09399415,
Hawaii,Hawaii_NW,50 Mid,40,-155.910218,19.890148,5,2.071428571,6.180000007,4.639999966,2.630754903,44.22037506,0.056905881,226.353714,2631,0.051473427,0.037310977,6.099999905,53.47187889,2019,0.033604988,0.028187795
Hawaii,Hawaii_NW,50 Shallow,16,-155.9067275,19.8898435,5.5,2.144770408,6.180000007,4.639999966,2.630754903,44.22037506,0.05744669,226.353714,570,0.061586441,0.044641484,6.159777158,53.47187889,2019,0.345627114,0.213457574
Hawaii,Hawaii_NW,51 Mid,35,-155.884763,19.935157,0,2,6.265000224,4.546666722,2.639622814,42.62184429,0.058105953,2217.400582,1074.700073,0.190010374,0.050170039,127.6500159,53.47187889,2019,0.033604988,0.028187795
Hawaii,Hawaii_NW,51 Shallow,13.1,-155.8805138,19.93551433,3.561281088,2.164118495,6.141111202,5.558148214,2.640838739,42.56263945,0.059186641,2497.462089,672.3166606,0.184706895,0.049557197,149.215887,53.47187889,2019,0.103843756,0.064133384
Hawaii,Hawaii_NW,52 Mid,36,-155.834056,19.986585,0,2,6.255000174,4.516666671,2.64584918,40.82931137,NA,2800.580726,40.5,0.097062293,0.063133781,83.20000458,53.47187889,2019,0.033604988,0.028187795
Hawaii,Hawaii_NW,52 Shallow,15,-155.831181,19.983517,10.5,2,6.172500074,5.608333337,2.64349069,40.83078003,NA,5052.82754,40.5,0.100369569,0.083615621,83.20000458,53.47187889,2019,0.109136678,0.067402265
Hawaii,Hawaii_NW,53 Mid,25,-155.8662585,19.9519025,8,2.107777778,6.245000124,5.570833274,2.651132116,41.92218781,0.070321428,3415.556269,44,0.07133064,0.085983131,107.5341221,53.47187889,2019,0.258819045,0.159845346
Hawaii,Hawaii_NW,54 Mid,30,-155.899645,19.9137965,13.5,2.323243243,6.212500066,4.533333401,2.640000164,42.68825022,0.057805935,69.91589294,1630.300049,0.09372689,0.038191767,26.90000153,53.47187889,2019,0.926765255,0.57236558
Hawaii,Hawaii_NW,55 Mid,32.5,-155.848468,20.059447,2,2.104525862,5.778750043,5.458541768,2.634842819,40.654562,0.062749999,17122.72678,55.60000229,0.000376768,0.05388778,3.562018021,53.47187889,2019,0.189468691,0.117014915
Hawaii,Hawaii_NW,56 Mid,27.5,-155.921969,19.8734685,13,2.2,6.180000007,4.639999966,2.630754903,44.22037506,0.056905881,74.9622173,3449.699951,0.062523186,0.044599982,3.299999952,53.47187889,2019,0.681102821,0.420645691
Hawaii,Hawaii_NW,57 Mid,31.3,-155.934578,19.85452489,6.511255011,2.126174895,5.210000018,5.77805551,2.626352382,45.34449959,0.057564706,818.5171393,4333,0.112625504,0.03543653,9.636820308,53.47187889,2019,0.08667777,0.053531756
Hawaii,Hawaii_NW,57 Shallow,14.8,-155.9325557,19.85535478,3.639784946,2.095654122,4.310000042,6.144444396,2.623899556,45.34449959,0.057564706,807.161199,4016.483317,0.100833163,0.034143303,18.77237411,53.47187889,2019,0.102285428,0.063170968
Hawaii,Hawaii_NW,58 Mid,29.5,-155.9578075,19.8537175,11.5,2.04,6.054999813,4.473333299,2.633018961,46.11020788,0.05617647,0,5361.300293,0.1594712,0.043312769,3.623746737,53.47187889,2019,0.279813734,0.17281156
Hawaii,Hawaii_NW,59 Mid,40,-155.997876,19.834701,32,2.266666667,6.085000023,4.60666658,2.620943321,47.64162445,0.053399999,72.50432205,6404.899902,0.079742594,0.024110037,51.20000076,53.47187889,2019,0.033604988,0.028187795
Hawaii,Hawaii_NW,59 Shallow,17,-155.997568,19.834558,2,2,6.085000023,4.60666658,2.620943321,47.64162445,0.053399999,72.50432205,6404.899902,0.079742594,0.024110037,51.20000076,53.47187889,2019,0.033604988,0.028187795
Hawaii,Hawaii_NW,6 Mid,40.3,-156.0304412,19.66902171,11.75,2.015212293,5.430416654,12.47416689,2.636452914,46.83612013,0.050106667,1940.350416,6089.104228,0.03652077,0.136861782,42.01074113,53.47187889,2019,0.052970712,0.032714446
Hawaii,Hawaii_NW,6 Shallow,15,-156.02898,19.66782,11.11111111,2,3.644999892,13.01000023,2.627132164,46.62270864,0.050106667,1878.684597,4778.100098,0.032929789,0.13714185,42.40000153,53.47187889,2019,0.033604988,0.028187795
Hawaii,Hawaii_NW,60 Mid,32.5,-156.007173,19.81367,13.5,2,6.109999955,6.884999946,2.626981087,48.16187541,0.049613333,0,6576.800293,0.10842999,0.043838084,43.79999924,53.47187889,2019,0.15439433,0.095353165
Hawaii,Hawaii_NW,61 Mid,41.5,-156.0502665,19.783567,28.5,2.261111111,5.962499961,10.21750012,2.62320765,48.44950104,0.047298097,54.17811201,7700.200195,0.08051329,0.090121955,11.80000007,53.47187889,2019,0.145311596,0.089743714
Hawaii,Hawaii_NW,62 Mid,33,-155.8369985,20.0357375,7.5,2.035714286,6.040312593,5.522031283,2.646792545,40.654562,0.082999997,3837.761292,62.09999847,0.001120685,0.022188603,9.699999809,53.47187889,2019,0.097841211,0.060426242
Hawaii,Hawaii_NW,63 Mid,35,-155.830795,20.020479,5,3,6.040312593,6.605625039,2.646792545,40.82637405,NA,522.7017351,40.5,0.02255449,0.043287214,44.79999924,53.47187889,2019,0.033604988,0.028187795
Hawaii,Hawaii_NW,63 Shallow,19,-155.830283,20.020526,36,2,6.040312593,6.605625039,2.646792545,40.82637405,NA,858.9164678,40.5,0.026496606,0.050577048,44.79999924,53.47187889,2019,0.033604988,0.028187795
Hawaii,Hawaii_NW,64 Mid,37,-155.830981,19.999898,0,2,6.255000174,4.516666671,2.64584918,40.82931137,NA,937.8442655,40.5,0.102887193,0.036619193,95.70000458,53.47187889,2019,0.033604988,0.028187795
Hawaii,Hawaii_NW,64 Shallow,14,-155.828915,20.000662,1,2.392857143,6.040312593,4.438437527,2.646792545,40.82931137,NA,2698.332174,40.5,0.106060191,0.043554247,95.70000458,53.47187889,2019,0.033604988,0.028187795
Oahu,Oahu_S,65 Mid,26.9,-157.6941143,21.27027914,13.31428571,NA,3.00999999,3.75,2.571509487,47.06295904,0.054541545,515.0483716,18993.82857,0.075661758,0.253384469,305.8999939,20.50245833,2019,0.034634019,0.021389797
Oahu,Oahu_S,65 Shallow,16,-157.6926,21.270823,14.9,NA,3.00999999,3.75,2.571509487,47.06295904,0.054541545,198.1760389,51468.4,0.077140519,0.258336692,305.8999939,20.50245833,2019,0.065899841,0.040699412
Oahu,Oahu_E,66 Shallow,6.5,-157.8043825,21.4439675,23.25,2.6025,0.140000001,2.504999965,2.494905688,NA,NA,2484.806035,NA,0.149575374,0.35054428,26.92770784,42.05739972,2019,0.158757125,0.098047605
Hawaii,Hawaii_E,67 Mid,37,-155.063836,19.748034,1.988235294,2.371406518,0,6.039999962,2.477962134,NA,NA,0,72982.90313,0.001358053,0.006353988,14.80405129,NA,2019,0.136804391,
Hawaii,Hawaii_E,67 Shallow,15,-155.066015,19.745235,0,1.888888889,0,6.039999962,2.478018743,NA,NA,0,72366.70313,0.002943993,0.013774209,55.30000305,NA,2019,1,
Hawaii,Hawaii_SW,68 Mid,37.3,-155.9129028,19.42390897,10.74140262,2.134392742,4.658836181,4.96948277,2.664664904,47.62350082,NA,574.4821239,5435.037867,0.097326237,0.049825609,136.486369,54.64444444,2019,0.034171935,0.021104416
Hawaii,Hawaii_SW,68 Shallow,15,-155.9126811,19.42366,4.161504442,2.005934874,4.637410692,4.943750011,2.664676522,47.62350082,NA,580.1096504,5401.799944,0.09761242,0.050191136,136.6271738,54.64444444,2019,0.065683219,
Maui,Maui_NW,69 Mid,23,-156.69147,20.94987,67.5,3.1875,10.53999996,4.764999837,2.620566026,48.63246822,0.050705883,501.5976485,12826.0503,0.11998927,0.108018574,143.3866742,33.63518519,2019,0.092787655,0.057305191
Maui,Maui_NW,69 Shallow,8.5,-156.692475,20.95145,20,3.001644737,10.3199997,3.443333437,2.607830102,48.63246822,0.050705883,496.5270245,13059.90039,0.120960037,0.112405873,127.9000015,33.63518519,2019,0.336230508,0.207654278
Hawaii,Hawaii_NW,7 Mid,45,-155.8921,19.9309,16,2.222222222,6.184999824,6.745000079,2.63471715,42.62184429,0.057805935,919.4463954,1092.100006,0.187933119,0.049504768,195.1999969,53.47187889,2019,0.033604988,0.028187795
Hawaii,Hawaii_NW,7 Shallow,10,-155.892182,19.924102,8,2.133333333,6.265000224,4.546666722,2.639622814,42.62184429,0.057805935,881.260145,802.7000122,0.180711008,0.052277349,223.8999939,53.47187889,2019,0.033604988,0.028187795
Hawaii,Hawaii_SW,70 Mid,34,-155.899394,19.378154,8.24516129,2.010972889,5.440687509,5.026166661,2.663962058,47.5661869,0.09645294,1101.144892,4936.860059,0.051977999,0.071264352,8.899999619,54.64444444,2019,0.063429923,0.039174002
Hawaii,Hawaii_SW,70 Shallow,15,-155.898615,19.378525,17.56756757,2,5.502500005,4.844270828,2.663962058,47.5661869,0.09645294,1101.144892,4976.550049,0.052109597,0.071444779,8.899999619,54.64444444,2019,0.063928812,
Lanai,Lanai_S,71 Mid,22.3,-156.9032633,20.73622533,8.333333333,2.894736842,4.96999979,7.449999809,2.700377338,49.10670853,0.062105883,0,6442,0.048305575,0.030779393,36.66084466,38.63809524,2019,0.231494791,0.142970024
Lanai,Lanai_S,71 Shallow,16.6,-156.9001584,20.7381102,6.8,2.780536636,6.031999779,7.377999878,2.692339634,49.10670853,0.062105883,0,6442,0.048329853,0.030794862,39.70000076,38.63809524,2019,0.142498199,
Lanai,Lanai_S,72 Shallow,12.7,-156.881918,20.74222,10,2.638401559,6.739999771,7.329999924,2.686981165,48.97933324,0.062105883,0,6442,0.040135501,0.026128335,44.79999924,38.63809524,2019,0.266538312,
Lanai,Lanai_S,73 Mid,31.3,-156.892075,20.7337365,12.5,2.916160594,6.739999771,7.329999924,2.686981165,49.07908869,0.062105883,0,6442,0.047584574,0.030331056,37.95244386,38.63809524,2019,0.231494791,0.142970024
Lanai,Lanai_S,73 Shallow,17.8,-156.893801,20.73505325,15.25,2.835139319,6.739999771,7.329999924,2.686981165,49.10670853,0.062105883,0,6442,0.048257391,0.030750257,43.4804193,38.63809524,2019,0.099924317,
Lanai,Lanai_S,74 Mid,28,-156.889249,20.736956,8,2.736842105,6.739999771,7.329999924,2.686981165,49.05146885,0.062105883,0,6442,0.04744516,0.030324487,47.70000076,38.63809524,2019,0.033604988,0.028187795
Lanai,Lanai_S,74 Shallow,13,-156.88659,20.741597,35,3.1,6.739999771,7.329999924,2.686981165,48.97933324,0.062105883,0,6442,0.044175984,0.028441801,47.70000076,38.63809524,2019,0.033604988,
Oahu,Oahu_S,75 Shallow,5,-157.974,21.316279,6.3,NA,0.291999993,2.488000023,2.590817577,44.6032486,NA,130.0202364,6424,0.31611834,0.494102826,22.79999924,20.50245833,2019,0.047741623,0.029484987
Oahu,Oahu_N,76 Mid,30,-158.07932,21.63227,74,3.15,0.863999996,3.432999946,2.528301959,43.74112701,0.060238237,16637.69967,90629.5,0.062511998,0.039736261,59.79999924,NA,2019,0.033604988,
Oahu,Oahu_N,76 Shallow,7.5,-158.0792624,21.6271481,9.142857143,3.285714286,0.863999996,3.432999946,2.528301959,43.74112701,0.060238237,16316.87401,90214.5,0.099479796,0.061296177,77.50952366,NA,2019,0.038063476,
Oahu,Oahu_S,77 Shallow,3,-157.7844,21.26039511,11.8,NA,1.929999948,3.269999981,2.55283021,46.78184848,0.056414318,16036.48679,13808.87778,0.048293226,0.385021723,152.2712875,20.50245833,2019,0.023210223,0.014334518
Maui,Maui_NW,78 Mid,38,-156.69493,20.93688,36,2.289473684,10.53999996,4.764999837,2.620566026,48.50312424,0.051419608,565.0144246,9093.149902,0.183123518,0.120671352,412.7999878,33.63518519,2019,0.033604988,0.028187795
Maui,Maui_NW,78 Shallow,11.3,-156.6936935,20.937734,20,2.218801258,9.965000152,4.764999837,2.617594341,48.50312424,0.051419608,2717.135392,9416.824951,0.183471442,0.123618451,412.7999878,33.63518519,2019,0.210090401,0.129750779
Hawaii,Hawaii_NW,79 Mid,44.5,-156.0420571,19.69088746,7,2.029250457,5.60499993,13.01000023,2.637698196,48.65799936,0.050106667,292.8445154,13193.40039,0.166701865,0.237901737,14.6500001,53.47187889,2019,0.101275275,0.062547103
Oahu,Oahu_N,8 Shallow,5.8,-158.0368345,21.68176182,9.181818182,3.210526316,1.386363615,3.734999895,2.509245423,47.24786487,0.051760784,41799.37911,97345.5,0.053394621,0.075735469,177.9046115,NA,2019,0.047629407,
Hawaii,Hawaii_NW,80 Mid,44.9,-156.0360187,19.6861073,15.28571429,2.020068027,5.885000003,9.335714451,2.639358572,48.52874947,0.050106667,1431.595504,1985.828628,0.142690372,0.217823272,20.13647755,53.47187889,2019,0.117610626,0.072635734
Hawaii,Hawaii_NW,81 Mid,40.6,-156.0349185,19.67800323,8.8,2.013255883,5.919999987,10.43800018,2.639396308,48.29724961,0.050106667,368.929785,9367.314978,0.085797573,0.161465812,25.36218928,53.47187889,2019,0.096489629,0.059591512
Oahu,Oahu_E,82 Shallow,3.7,-157.6838,21.327234,7,NA,2.089999914,3.554999888,2.545471731,46.61399841,0.055013333,14934.19188,NA,0.084004648,0.202455094,58.90000153,42.05739972,2019,0.056917088,0.035151708
Oahu,Oahu_S,83 Shallow,2.3,-157.8549595,21.28918905,20.35135135,NA,0.449999988,2.699999928,2.589245274,45.87986938,0.063935295,6883.967955,6405.5,0.051307865,0.731572025,708.7000122,20.50245833,2019,0.011704554,0.007228674
Molokai,Molokai_SE,84 Shallow,10.6,-156.882236,21.037171,26,NA,9.659999847,5.574999869,2.607358501,48.1513443,0.049238432,833.2384381,37153.2,9.03E-06,0.002462774,0.581400511,NA,2019,0.079004054,
Molokai,Molokai_SE,85 Shallow,12.7,-156.862014,21.03580017,15.83333333,NA,9.659999847,5.574999869,2.607358501,48.17529546,0.048211765,78.59799358,46932.91667,3.30E-06,0.000406974,0.629448979,NA,2019,0.080260982,
Molokai,Molokai_SE,86 Shallow,12.3,-156.87147,21.03496675,43.75,NA,9.659999847,5.574999869,2.607358501,48.1513443,0.048211765,0,42212,1.10E-05,0.001722646,0.718411607,NA,2019,0.114212871,
Oahu,Oahu_N,87 Shallow,6.9,-158.012,21.69771,5.3,NA,1.399999976,3.734999895,2.509245423,47.94262695,0.051611765,4055.281917,NA,0.076539853,0.082826567,92.5,NA,2019,0.056680537,
Hawaii,Hawaii_SW,88 Mid,35.6,-155.925894,19.463158,13.1512166,2,4.275000006,9.102000122,2.66320754,47.79612541,NA,7126.194691,217.6000061,0.068495887,0.054148826,22.29999924,54.64444444,2019,0.063024514,0.038923624
Hawaii,Hawaii_SW,88 Shallow,14,-155.9255667,19.46277,3.055555556,2,4.436666638,9.475000126,2.663836473,47.79612541,NA,6438.211563,217.6000061,0.069404731,0.054356012,22.29999924,54.64444444,2019,0.176636081,
Oahu,Oahu_W,89 Shallow,9.2,-158.231,21.49345433,53.73333333,NA,0,1.859999999,2.525660317,45.54475021,0.049699327,5919.22712,49585,0.133372093,0.067033929,15.04999971,NA,2019,0.03329971,
Oahu,Oahu_N,9 Shallow,8,-158.2200667,21.57973667,9.866666667,NA,0.769999981,2.814999998,2.550188784,46.28501257,0.048080874,791.2877802,NA,0.162046992,0.075571269,36,NA,2019,0.040748515,
Hawaii,Hawaii_NW,90 Mid,32.5,-155.9377086,19.85156583,7.128757314,2.281350424,4.295000017,6.152222173,2.623773767,45.34449959,0.057564706,538.8528138,4333,0.136935315,0.039037454,10,53.47187889,2019,0.111386941,0.068792017
Hawaii,Hawaii_NW,90 Shallow,13.8,-155.9388896,19.85051867,3.475694445,2.078042328,4.747500062,6.335416617,2.624339806,45.34449959,0.057564706,492.2639167,4448.325073,0.144303199,0.040556028,10,53.47187889,2019,0.162132192,0.10013203
Maui,Maui_SE,91 Mid,33,-156.063625,20.6459262,41.89295855,3.248586453,4.393999863,3.640000105,2.565245078,47.44154231,0.051783956,3791.277476,30540.15117,0.004172056,0.010127581,14.40056178,NA,2019,0.168174809,
Maui,Maui_SE,91 Shallow,12.5,-156.0658845,20.646932,7.20338983,3.144067797,4.25,3.640000105,2.563490364,47.44154231,0.052127574,3536.725939,28371.95117,0.004232349,0.01027394,16.60000038,NA,2019,0.099835269,
Maui,Maui_SE,92 Mid,44.8,-156.0473796,20.650446,57.28518896,2.90460958,4.396000004,3.823999977,2.537433847,47.57775116,0.050675001,2093.017194,48773.7707,0.004119226,0.009999664,40.57999916,NA,2019,0.088501031,
Maui,Maui_SE,93 Mid,30.8,-156.0374775,20.6616705,46.17316928,3.338582346,4.317499995,3.769999981,2.521037732,47.61333466,0.050675001,206.2319608,49239.05078,0.002776599,0.009059184,72.40000153,NA,2019,0.115894037,
Maui,Maui_SE,93 Shallow,18,-156.039683,20.665569,10.625,3.89375,4.369999886,3.769999981,2.523396222,47.61333466,0.050675001,239.6954681,48001.80078,0.002816427,0.009936573,72.40000153,NA,2019,0.033604988,
Maui,Maui_SE,94 Mid,26,-156.0840075,20.646684,54.40913512,2.832736545,4.324999809,3.640000105,2.563490364,47.39808401,0.052127574,623.1610779,5056.05011,0.004208103,0.010215084,24.39999962,NA,2019,0.357627835,
Maui,Maui_SE,95 Mid,32.7,-156.0440917,20.65701067,63.0968467,3.220177315,4.410000006,3.769999981,2.521823895,47.61333466,0.050675001,1569.185683,49127.46745,0.003877708,0.010175824,60.37987212,NA,2019,0.100576273,
Maui,Maui_SE,95 Shallow,13,-156.045063,20.65763133,51.32090132,4,4.309999943,3.769999981,2.521823895,47.61333466,0.050675001,1663.867265,49271.63411,0.003868034,0.010198203,64.86666616,NA,2019,0.053985691,
Maui,Maui_SE,96 Mid,27.3,-156.053851,20.6489645,29.29553366,3.161223498,4.089999914,3.527500078,2.557440888,47.52437592,0.050675001,3706.748228,45837.05078,0.004128576,0.010022034,18.86698071,NA,2019,0.060146367,
Maui,Maui_SE,96 Shallow,13,-156.054824,20.650036,5.029585799,3.301775148,3.869999886,3.415000051,2.554245184,47.52437592,0.050675001,3846.713093,46434.69922,0.004222548,0.01025015,10.30000019,NA,2019,0.033604988,
Maui,Maui_SE,97 Mid,26.3,-156.0728103,20.64749733,39.72943987,2.907863078,4.280000051,3.640000105,2.564465205,47.44154231,0.052127574,2187.013129,2152.700065,0.004226384,0.010259461,21.70983581,NA,2019,0.124302394,
Maui,Maui_SE,97 Shallow,14,-156.07512,20.649631,7.052896725,2.74643157,4.340000153,3.640000105,2.566414887,47.44154231,0.052127574,2548.49113,11.89999962,0.004230545,0.010269561,23.39999962,NA,2019,0.033604988,
Oahu,Oahu_E,98 Shallow,6.5,-157.7803,21.44254,8,2.4,0.289999992,2.639999986,2.496415084,NA,0.232024997,181.4329031,NA,0.186292396,0.423909744,13.5,42.05739972,2019,0.033604988,0.028187795
Oahu,Oahu_E,99 Shallow,6.5,-157.779325,21.41481,32.5,2.3,0.289999992,2.639999986,2.496415084,NA,NA,469.0626598,NA,0.173383295,0.442150114,34.20000076,42.05739972,2019,0.11848886,0.073178126
